-- phpMyAdmin SQL Dump
-- version 5.2.1
-- https://www.phpmyadmin.net/
--
-- Host: mysql
-- Generation Time: Apr 06, 2025 at 05:46 PM
-- Server version: 11.5.2-MariaDB-ubu2404
-- PHP Version: 8.2.25

SET SQL_MODE = "NO_AUTO_VALUE_ON_ZERO";
START TRANSACTION;
SET time_zone = "+00:00";


/*!40101 SET @OLD_CHARACTER_SET_CLIENT=@@CHARACTER_SET_CLIENT */;
/*!40101 SET @OLD_CHARACTER_SET_RESULTS=@@CHARACTER_SET_RESULTS */;
/*!40101 SET @OLD_COLLATION_CONNECTION=@@COLLATION_CONNECTION */;
/*!40101 SET NAMES utf8mb4 */;

--
-- Database: `EventManagement`
--
CREATE DATABASE IF NOT EXISTS `EventManagement` DEFAULT CHARACTER SET utf8mb4 COLLATE utf8mb4_uca1400_ai_ci;
USE `EventManagement`;

-- --------------------------------------------------------

--
-- Table structure for table `ACCESS_PASS`
--

CREATE TABLE `ACCESS_PASS` (
  `pass_id` int(11) NOT NULL,
  `validity_period` int(11) NOT NULL,
  `music_ticket_id` int(11) DEFAULT NULL
) ENGINE=InnoDB DEFAULT CHARSET=utf8mb4 COLLATE=utf8mb4_uca1400_ai_ci;

-- --------------------------------------------------------

--
-- Table structure for table `ARTIST`
--

CREATE TABLE `ARTIST` (
  `artist_id` int(11) NOT NULL,
  `name` varchar(255) NOT NULL,
  `genre` varchar(255) NOT NULL
) ENGINE=InnoDB DEFAULT CHARSET=utf8mb4 COLLATE=utf8mb4_uca1400_ai_ci;

--
-- Dumping data for table `ARTIST`
--

INSERT INTO `ARTIST` (`artist_id`, `name`, `genre`) VALUES
(1, 'Nicky Romero', 'dance'),
(2, 'Afrojack', 'dance'),
(3, 'Tiesto', 'dance'),
(4, 'Hardwell', 'dance'),
(5, 'Gare du Nord ', 'jazz'),
(6, 'Evolve', 'jazz'),
(7, 'Gumbo Kings', 'jazz');

-- --------------------------------------------------------

--
-- Table structure for table `CONTENTBLOCK`
--

CREATE TABLE `CONTENTBLOCK` (
  `contentblock_id` int(11) NOT NULL,
  `title` varchar(255) NOT NULL,
  `content` text NOT NULL,
  `section_id` int(11) NOT NULL,
  `created_at` timestamp NULL DEFAULT current_timestamp(),
  `updated_at` timestamp NULL DEFAULT current_timestamp() ON UPDATE current_timestamp()
) ENGINE=InnoDB DEFAULT CHARSET=utf8mb4 COLLATE=utf8mb4_uca1400_ai_ci;

--
-- Dumping data for table `CONTENTBLOCK`
--

INSERT INTO `CONTENTBLOCK` (`contentblock_id`, `title`, `content`, `section_id`, `created_at`, `updated_at`) VALUES
(1, 'Festival Overview', 'Ddmd dnkss d', 2, '2025-03-22 09:54:49', '2025-03-27 08:49:23'),
(2, 'Welcome Message', 'Testing Testing ', 2, '2025-03-22 09:55:05', '2025-03-27 08:49:23'),
(3, 'Festival Route', 'Join our world', 3, '2025-03-22 09:55:05', '2025-03-27 08:49:23'),
(4, 'Call to action', 'Buy your tickets', 4, '2025-03-22 09:55:05', '2025-03-27 08:49:23'),
(5, 'FirstJazzSection', '<p>Yo this is jazz event</p>', 6, '2025-03-22 09:55:05', '2025-03-24 17:17:42'),
(6, 'SecondJazzSection', '<p>Testing</p>', 7, '2025-03-22 09:55:05', '2025-03-25 15:29:34'),
(7, 'ThirdJazzSection', '', 8, '2025-03-22 09:55:05', '2025-03-25 15:29:34'),
(8, 'FourthJazzSection', 'Schedule', 9, '2025-03-22 09:55:05', '2025-03-22 16:14:16'),
(9, 'last section', 'jddn', 5, '2025-03-22 16:38:01', '2025-03-27 08:49:23'),
(10, 'FirstSection', '<p><img src=\"../uploads/1742852725_fist.png\" alt=\"\" width=\"75\" height=\"105\">JAJADSJKFDFDS</p>', 10, '2025-03-22 16:38:01', '2025-03-24 21:46:32'),
(11, 'SecondSection', '<p>asiel</p>', 11, '2025-03-22 16:38:01', '2025-03-24 20:40:20'),
(12, 'ThirdSection', '<p>Asiel</p>', 12, '2025-03-22 16:38:01', '2025-03-24 20:40:20'),
(13, 'imgBlock', '/uploads/1742852784_Screenshot 2024-01-27 124757.png', 10, '2025-03-24 21:43:01', '2025-03-24 21:46:32'),
(14, 'ArtsNr1CardJazzImg', '/uploads/jazz_pictures/garedunord.svg', 13, '2025-03-24 21:43:01', '2025-03-24 21:46:32'),
(15, 'ArtsNr1JazzCardBody', 'Garedunord', 13, '2025-03-24 21:43:01', '2025-03-24 21:46:32'),
(16, 'ArtsNr2CardJazzImg', '/uploads/jazz_pictures/karsu.svg', 13, '2025-03-24 21:43:01', '2025-03-24 21:46:32'),
(17, 'ArtsNr2JazzCardBody', 'Karsu', 13, '2025-03-24 21:43:01', '2025-03-24 21:46:32'),
(18, 'ArtsNr3CardJazzImg', '/uploads/jazz_pictures/ruis.svg', 13, '2025-03-24 21:43:01', '2025-03-24 21:46:32'),
(19, 'ArtsNr3JazzCardBody', 'Ruis', 13, '2025-03-24 21:43:01', '2025-03-24 21:46:32'),
(20, 'ArtsNr4CardJazzImg', '/uploads/jazz_pictures/wickedjazz.svg', 13, '2025-03-24 21:43:01', '2025-03-24 21:46:32'),
(21, 'ArtsNr4JazzCardBody', 'WickedJazz', 13, '2025-03-24 21:43:01', '2025-03-24 21:46:32'),
(22, 'JazzHeaderImg', '/uploads/jazz_pictures/haarlemJazz_vector.svg', 14, '2025-03-24 21:43:01', '2025-03-24 21:46:32'),
(23, 'FirstSection', '<p><img src=\"../uploads/1742852725_fist.png\" alt=\"\" width=\"75\" height=\"105\">JAJADSJKFDFDS</p>', 10, '2025-03-22 16:38:01', '2025-03-24 21:46:32'),
(24, 'SecondSection', '<p>asiel</p>', 15, '2025-03-22 16:38:01', '2025-03-24 20:40:20'),
(25, 'ThirdSection', '<p>Asiel</p>', 15, '2025-03-22 16:38:01', '2025-03-24 20:40:20'),
(26, 'imgBlock', '/uploads/1742852784_Screenshot 2024-01-27 124757.png', 15, '2025-03-24 21:43:01', '2025-03-24 21:46:32'),
(27, 'headerDanceContent', '/uploads/martingarrixfirst.jpg', 16, '2025-03-27 09:16:27', '2025-03-27 09:16:27'),
(28, 'headerDanceContent2', '/uploads/hardwellfirst.jpg', 16, '2025-03-27 09:16:27', '2025-03-27 09:16:27'),
(29, 'ArtsNr1CardDanceName', 'Martin Garrix', 17, '2025-03-22 16:38:01', '2025-03-24 20:40:20'),
(30, 'ArtsNr2CardDanceName', 'Hardwell', 17, '2025-03-22 16:38:01', '2025-03-24 20:40:20'),
(31, 'FeaturedArtistText', 'Featured Artist', 17, '2025-03-22 16:38:01', '2025-03-24 20:40:20'),
(32, 'LineUpTextDance', 'Line-Up', 18, '2025-03-22 16:38:01', '2025-03-24 20:40:20'),
(33, 'LineUpArt1Pic', '/uploads/arminvanbuurennoback.png', 18, '2025-03-22 16:38:01', '2025-03-24 20:40:20'),
(34, 'LineUpTextDanceArt1', 'Armin Van Buuren', 18, '2025-03-22 16:38:01', '2025-03-24 20:40:20'),
(35, 'LineUpArt2Pic', '/uploads\nickyromero.jpg', 18, '2025-03-22 16:38:01', '2025-03-24 20:40:20'),
(36, 'LineUpTextDanceArt2', 'Nicky Romero', 18, '2025-03-22 16:38:01', '2025-03-24 20:40:20'),
(37, 'LineUpArt3Pic', '/uploads/afrojack.jpg', 18, '2025-03-22 16:38:01', '2025-03-24 20:40:20'),
(38, 'LineUpTextDanceArt3', 'Afrojack', 18, '2025-03-22 16:38:01', '2025-03-24 20:40:20'),
(39, 'LineUpArt4Pic', '/uploads	ietsonoback.png', 18, '2025-03-22 16:38:01', '2025-03-24 20:40:20'),
(40, 'LineUpTextDanceArt4', 'Tiesto', 18, '2025-03-22 16:38:01', '2025-03-24 20:40:20'),
(41, 'LineUpArt5Pic', '/uploads/hardwellnoback.png', 18, '2025-03-22 16:38:01', '2025-03-24 20:40:20'),
(42, 'LineUpTextDanceArt5', 'Hardwell', 18, '2025-03-22 16:38:01', '2025-03-24 20:40:20'),
(43, 'LineUpArt6Pic', '/uploads/martingarrix.jpg', 18, '2025-03-22 16:38:01', '2025-03-24 20:40:20'),
(44, 'LineUpTextDanceArt6', 'Martin Garrix', 18, '2025-03-22 16:38:01', '2025-03-24 20:40:20'),
(45, 'martinHeroTitle', 'Martin Garrix', 19, '2025-03-22 16:38:01', '2025-03-24 20:40:20'),
(46, 'martinHeroImg', '/uploads/martinhero.jpg', 19, '2025-03-22 16:38:01', '2025-03-24 20:40:20'),
(47, 'martinHeroRightText', 'Some hashtags or short text', 19, '2025-03-28 09:16:27', '2025-03-28 09:16:27');

-- --------------------------------------------------------

--
-- Table structure for table `LOCATION`
--

CREATE TABLE `LOCATION` (
  `location_id` int(11) NOT NULL,
  `venue_name` varchar(255) NOT NULL,
  `postal_code` varchar(7) NOT NULL,
  `street_name` varchar(100) NOT NULL,
  `city` varchar(100) NOT NULL
) ENGINE=InnoDB DEFAULT CHARSET=utf8mb4 COLLATE=utf8mb4_uca1400_ai_ci;

--
-- Dumping data for table `LOCATION`
--

INSERT INTO `LOCATION` (`location_id`, `venue_name`, `postal_code`, `street_name`, `city`) VALUES
(1, 'Lichtfabriek', '2031 TC', 'Energieplein 73', 'Haarlem'),
(2, 'Slachthuis', '2033 KK', 'Rockplein 6', 'Haarlem'),
(3, 'Jopenkerk', '2011 WD', 'Gedempte Voldersgracht 2', 'Haarlem'),
(4, 'Main Hall, Patronaat', '2013 DN', 'Zijlsingel 2', 'Haarlem'),
(5, 'Bravo Church', '2011 RD', 'Grote Markt 22', ' Haarlem');

-- --------------------------------------------------------

--
-- Table structure for table `MUSIC_TICKET`
--

CREATE TABLE `MUSIC_TICKET` (
  `music_ticket_id` int(11) NOT NULL,
  `ticket_id` int(11) DEFAULT NULL,
  `qr_code` blob NOT NULL,
  `show_id` int(11) NOT NULL
) ENGINE=InnoDB DEFAULT CHARSET=utf8mb4 COLLATE=utf8mb4_uca1400_ai_ci;

--
-- Dumping data for table `MUSIC_TICKET`
--

INSERT INTO `MUSIC_TICKET` (`music_ticket_id`, `ticket_id`, `qr_code`, `show_id`) VALUES
(138, 170, 0x89504e470d0a1a0a0000000d494844520000014000000140080200000042f232fd000000097048597300000ec400000ec401952b0e1b0000072a49444154789ceddd4b6eec361400d17490fd6ff965ea0c048891aec9b2cf191b6af5a7c0c135a9cf9f3f7ffe029afede7d03c0ff2760081330840918c2040c6102863001439880214cc010266008133084fd73e78f3e9fcff47dbce2adffebbe7abf57d77febef57bd753f57765de7add75dbd9fd3dc79bf5660081330840918c2040c610286300143988021ecd61cf8caaef3b456e778d373c5e979ef955defebadeb54bec7694f7e275660081330840918c2040c610286300143988021ecd11cf8caf47ed7e9ebecda37bb7afdb7fe7ed71cfb4afdf3bf323167b602439880214cc0102660081330840918c2040c612373e0d39c3cc7fbeab4fb3c6d8e5a39cff93b5981214cc0102660081330840918c2040c610286b05f31079e7e0eed69cfcb9dde0fbceb7557aff31b5881214cc0102660081330840918c2040c610286b09139f06973b9fa7ed4e939f669f3f0b7aeff96d37ecf5f5981214cc0102660081330840918c2040c610286b04773e0fa39bdd3fb60dfdaef3a7d3fabea9fcfea754e6605863001439880214cc0102660081330840918c26ecd814fde0f79c769f3c65dde7abf6ffdfd95e9cfb3f27ddd6105863001439880214cc0102660081330840918c26ecd812be7219ff6bad3fb60574dbfeef4e7f6d6eb56fefe0e2b30840918c2040c6102863001439880214cc010f6e85ce85de7ee9ef6bcdce97dc2d3cfe9addb356f3fe17bb102439880214cc0102660081330840918c2040c619f89d954652eb7eb39baab76cd9fdf527ceeee1d6ffd9eed07865f4ac0102660081330840918c2040c610286b04773e0e239ba779c769fa79dcb7da5729ef395ca5cfd2b2b30840918c2040c6102863001439880214cc010f6e8f9c0a73d6ff684fd997754ee677aaebbeab4f9f095effc1d5a81214cc0102660081330840918c2040c610286b047cf077ecbeabceeade7b2aece3fdfba9f55957daabbe6ff6fd9f5bceb27acc0102660081330840918c2040c610286300143d8a339f0ae39d8f45c747a3fe7f479d1a79d5fbdeb7e76cd93bfb30b2b30840918c2040c6102863001439880214cc010f6e8f9c097173d6cffea69fb4857ed3a977b5a653ff369cfaffeca0a0c6102863001439880214cc0102660081330848d9c0b3dbdbf74d5aee70caf9a7ebf6fbd6e659e7fda9cdcf38181ff1030840918c2040c610286300143988021ecd61c78d7fcad3e4f5ebdceb4ca3ee155bb3ecfb79e53fd841518c2040c6102863001439880214cc010266008bb752ef4f479b9bbf6c14e3b6dfebc7afdb7d47f3fbbe6e7f603c30f2760081330840918c2040c610286300143d8a373a177cdf7de3af778d77ee3d5f77bdaf5579d369fdff57b5bbd9f3bacc0102660081330840918c2040c610286300143d8ad39f05b73bcd3ce799e367d8ef4ea5c77faf3dff57e7779eb7e9e7c5f5660081330840918c2040c610286300143988021ecd6b9d0e33771d89cf0b4e7f74eef7f3eedf9c6d3f773dabef42be6c0f0c30918c2040c6102863001439880214cc010766b3ff0f45ceea79e937cdabc7455fdfea79d70ff5660081330840918c2040c610286300143988021ecd17ee09fbaeff4b73daff8caaef755f95e4ef83d5881214cc0102660081330840918c2040c610286b09173a177ed933c6d6ebcebfad3f3f92bbbe6d8a7cde1575ff78a3930fc7002863001439880214cc010266008133084dd9a03ffd4fda5aba6e7a8aba6f75d4f5f67d7f375ebfbd2bfb202439880214cc0102660081330840918c2040c61b79e0f7c65d75c74756e363d9fdc356f3c6d4ebbaa3e9f7febf37ff2395b81214cc0102660081330840918c2040c610286b047fb814fdb475a3957f9b4fb9976da7edad3e6f34f5ed70a0c6102863001439880214cc0102660081330843dda0f7ce5b47da46fed1f5e75da9cf6b4b9e8f47cf5adcf797afff9135660081330840918c2040c610286300143988021ecd61c787aae3bfdbaa7cd8d4f9b0f4fdbb5ff79d7efe7cac4f76e05863001439880214cc0102660081330840918c26ecd812bf3c9d3f6f14edfcf69af7b657a5fee5bd7d975fef3135660081330840918c2040c610286300143988021ecd1b9d0bbf6099ff67cd7d3f6bbee9abbbeb55f7a7abe7ada9cfc092b30840918c2040c6102863001439880214cc01036f27ce0e97374574d9f1bbc6ad7b9d0bbe6ccbbe6ea27ecd79d6605863001439880214cc0102660081330840918c246e6c075f5fdabd3f3de5dfb694ffb9ca7e7e777eec70a0c6102863001439880214cc0102660081330849903bf60d7f38457e790bb9e337c65d7f396df72c239de5660081330840918c2040c6102863001439880216c640e7cdabc6ed509fb3c9fdccfaab7ee7ffa3aa79d9bbd6ae27bb402439880214cc0102660081330840918c2040c618fe6c0f5e7afee3af7787aae7865759ff0aef9f0aae973ad4f9e0f5b81214cc0102660081330840918c2040c610286b04f7def2efc665660081330840918c2040c6102863001439880214cc0102660081330840918c2fe05eeb1bf9f9c1aeaef0000000049454e44ae426082, 2),
(139, 171, 0x89504e470d0a1a0a0000000d494844520000014000000140080200000042f232fd000000097048597300000ec400000ec401952b0e1b0000072a49444154789ceddd4b6eec361400d17490fd6ff965ea0c048891aec9b2cf191b6af5a7c0c135a9cf9f3f7ffe029afede7d03c0ff2760081330840918c2040c6102863001439880214cc010266008133084fd73e78f3e9fcff47dbce2adffebbe7abf57d77febef57bd753f57765de7add75dbd9fd3dc79bf5660081330840918c2040c610286300143988021ecd61cf8caaef3b456e778d373c5e979ef955defebadeb54bec7694f7e275660081330840918c2040c610286300143988021ecd11cf8caf47ed7e9ebecda37bb7afdb7fe7ed71cfb4afdf3bf323167b602439880214cc0102660081330840918c2040c612373e0d39c3cc7fbeab4fb3c6d8e5a39cff93b5981214cc0102660081330840918c2040c610286b05f31079e7e0eed69cfcb9dde0fbceb7557aff31b5881214cc0102660081330840918c2040c610286b09139f06973b9fa7ed4e939f669f3f0b7aeff96d37ecf5f5981214cc0102660081330840918c2040c610286b04773e0fa39bdd3fb60dfdaef3a7d3fabea9fcfea754e6605863001439880214cc0102660081330840918c26ecd814fde0f79c769f3c65dde7abf6ffdfd95e9cfb3f27ddd6105863001439880214cc0102660081330840918c26ecd812be7219ff6bad3fb60574dbfeef4e7f6d6eb56fefe0e2b30840918c2040c6102863001439880214cc010f6e85ce85de7ee9ef6bcdce97dc2d3cfe9addb356f3fe17bb102439880214cc0102660081330840918c2040c619f89d954652eb7eb39baab76cd9fdf527ceeee1d6ffd9eed07865f4ac0102660081330840918c2040c610286b04773e0e239ba779c769fa79dcb7da5729ef395ca5cfd2b2b30840918c2040c6102863001439880214cc010f6e8f9c0a73d6ff684fd997754ee677aaebbeab4f9f095effc1d5a81214cc0102660081330840918c2040c610286b047cf077ecbeabceeade7b2aece3fdfba9f55957daabbe6ff6fd9f5bceb27acc0102660081330840918c2040c610286300143d8a339f0ae39d8f45c747a3fe7f479d1a79d5fbdeb7e76cd93bfb30b2b30840918c2040c6102863001439880214cc010f6e8f9c097173d6cffea69fb4857ed3a977b5a653ff369cfaffeca0a0c6102863001439880214cc0102660081330848d9c0b3dbdbf74d5aee70caf9a7ebf6fbd6e659e7fda9cdcf38181ff1030840918c2040c610286300143988021ecd61c78d7fcad3e4f5ebdceb4ca3ee155bb3ecfb79e53fd841518c2040c6102863001439880214cc010266008bb752ef4f479b9bbf6c14e3b6dfebc7afdb7d47f3fbbe6e7f603c30f2760081330840918c2040c610286300143d8a373a177cdf7de3af778d77ee3d5f77bdaf5579d369fdff57b5bbd9f3bacc0102660081330840918c2040c610286300143d8ad39f05b73bcd3ce799e367d8ef4ea5c77faf3dff57e7779eb7e9e7c5f5660081330840918c2040c610286300143988021ecd6b9d0e33771d89cf0b4e7f74eef7f3eedf9c6d3f773dabef42be6c0f0c30918c2040c6102863001439880214cc010766b3ff0f45ceea79e937cdabc7455fdfea79d70ff5660081330840918c2040c610286300143988021ecd17ee09fbaeff4b73daff8caaef755f95e4ef83d5881214cc0102660081330840918c2040c610286b09173a177ed933c6d6ebcebfad3f3f92bbbe6d8a7cde1575ff78a3930fc7002863001439880214cc010266008133084dd9a03ffd4fda5aba6e7a8aba6f75d4f5f67d7f375ebfbd2bfb202439880214cc0102660081330840918c2040c61b79e0f7c65d75c74756e363d9fdc356f3c6d4ebbaa3e9f7febf37ff2395b81214cc0102660081330840918c2040c610286b047fb814fdb475a3957f9b4fb9976da7edad3e6f34f5ed70a0c6102863001439880214cc0102660081330843dda0f7ce5b47da46fed1f5e75da9cf6b4b9e8f47cf5adcf797afff9135660081330840918c2040c610286300143988021ecd61c787aae3bfdbaa7cd8d4f9b0f4fdbb5ff79d7efe7cac4f76e05863001439880214cc0102660081330840918c26ecd812bf3c9d3f6f14edfcf69af7b657a5fee5bd7d975fef3135660081330840918c2040c610286300143988021ecd1b9d0bbf6099ff67cd7d3f6bbee9abbbeb55f7a7abe7ada9cfc092b30840918c2040c6102863001439880214cc01036f27ce0e97374574d9f1bbc6ad7b9d0bbe6ccbbe6ea27ecd79d6605863001439880214cc0102660081330840918c246e6c075f5fdabd3f3de5dfb694ffb9ca7e7e777eec70a0c6102863001439880214cc0102660081330849903bf60d7f38457e790bb9e337c65d7f396df72c239de5660081330840918c2040c6102863001439880216c640e7cdabc6ed509fb3c9fdccfaab7ee7ffa3aa79d9bbd6ae27bb402439880214cc0102660081330840918c2040c618fe6c0f5e7afee3af7787aae7865759ff0aef9f0aae973ad4f9e0f5b81214cc0102660081330840918c2040c610286b04f7def2efc665660081330840918c2040c6102863001439880214cc0102660081330840918c2fe05eeb1bf9f9c1aeaef0000000049454e44ae426082, 2),
(140, 172, 0x89504e470d0a1a0a0000000d494844520000014000000140080200000042f232fd000000097048597300000ec400000ec401952b0e1b0000071149444154789ceddd416e23391000c1f562ffff65efd57368a0396aaa9872c4d968c9b2123c94497e7d7f7fff0334fd3bfd0680bf2760081330840918c2040c6102863001439880214cc010266008133084fd77e787bebebe76bf8f47acfe5ff7d5efb5fb394fbdeeaad5bfe353efe7b4cfe793becf5660081330840918c2040c610286300143988021ecd61cf8cad4795a4fcdf156e7904f396ddebbfbf953f3e455c5efb31518c2040c6102863001439880214cc0102660087b690e7c65f79c76d56973e3dd73d4ddfb6ca7e6e7534efb3eff6405863001439880214cc0102660081330840918c2b6cc814fb37b7efbd4dcf5eae74fdbdfbbfb759ffa7ca6f6f7be931518c2040c6102863001439880214cc010266008fb1573e02ba7ed9bad9c9fbcfbf3e13e2b30840918c2040c6102863001439880214cc010b6650e5c99ef4dcd4b577f7eeafdacbeee53efffb4f3a54ffe3e5b81214cc0102660081330840918c2040c610286b097e6c0a7cdebae4c9de73cf5f35776dfeb5b7fff95eff34f5660081330840918c2040c610286300143988021ecd61cf8e4fd90af98ba7777f7e73975fe73658efa49df672b30840918c2040c6102863001439880214cc010f675672636b55f74b7a7decfd45c716acebc6a6abff4aad3ee4fbec30a0c6102863001439880214cc010266008133084bd753ff069f7dfee36359f3ced9eded3e6b7bbef6d7ee7ff175881214cc0102660081330840918c2040c610286b05b73e0a9f96ae5deda55abef67f7fee4cabc77cad4bdc7775881214cc0102660081330840918c2040c610286b05be7422f3f3472aef2aaa9b9f1d4fededdf3cfcabee5a7d80f0cfc41c0102660081330840918c2040c610286b097e6c0bbe78aa7396d5ff1534edb773d757ef869e7939b03c3871330840918c2040c610286300143988021ecadfb814f9ba34ecd9f2bf3c6a7fe8ebbdfcfeee79ff6bdfdc90a0c6102863001439880214cc010266008133084bd743ff0d47ed74f3d77fa29bbcf553eed9cead5e74fddebeb5c68e00f02863001439880214cc010266008133084dd9a035f999a1fee9eeb4edd4f3bf5fca97b80577ffea97dc295f3a5efb002439880214cc0102660081330840918c2040c6147df0f7cda79bcbbe7a2957dcba7fdbd4edb9fec7e60e01601439880214cc0102660081330840918c2b6dc0f7cf96291f967651ef8a9f71b4fed4f3e6d5fb439307c3801439880214cc0102660081330840918c2b6dc0f3c754ef209fb33773ce7b4738f4f9be74f9d9b7d022b30840918c2040c6102863001439880214cc010766b0ebcfb3ce72bbbf76dee7e3f53f70c57e6b44fdd0b3db52ffaca3bff4fc10a0c6102863001439880214cc010266008133084bd753ff0d43cf6294fbdffd5b9f1d4feeaa74cdd9f3cb5effa9d7f472b30840918c2040c6102863001439880214cc010f6d2fdc0bbe7bd53f3c3d3f697ee9eb79ff6f34f39f93ce7a75881214cc0102660081330840918c2040c610286b05b73e0d3eea75d7ddda9e7ac3eff4ae575a7e6ff574ebb177ac7e76005863001439880214cc0102660081330840918c25eba1ff8caeeb9dfee39ed69e75a3fb5ffb6eeb4fdc353e757ff6405863001439880214cc0102660081330840918c25eba1f78ca69fb4b77cf5d779fcf7ce5b4fb8aa7f67beffe3f88575ed70a0c6102863001439880214cc0102660081330847dd4fdc0ab769f1b3cf5fcd3decf6e9ffa7d3307860f2760081330840918c2040c610286300143d84bfb814fdb57f9cef3785f31753ff05376ff7d4ffb7c76ef03772e34fc5202863001439880214cc010266008133084bd753ff0d473ae54ce199e52ff1c7ec3f9e15660081330840918c2040c6102863001439880216ccb7ee0d5e7acaa9c873c759ef369fb69a7e6edaba6f6155f712e347c3801439880214cc0102660081330840918c26ecd814f38ff76c77356adcef17edb7dbcbbd5f7f7eed8276c05863001439880214cc0102660081330840918c25eda0f7c9add73e6d3f6153f65f5fd9c765fee53f3f9d3e6dbf603c3871330840918c2040c610286300143988021ecd61cf8ca6973b3a79e73f57b3d351f3e6d0ef994dff6ff0227b002439880214cc0102660081330840918c2040c612fcd81afecde37bb5b7d9eb9fbbee25553f74b17effb5d6505863001439880214cc0102660081330840918c2b6cc814f33352f7deae79f32f57e9e7afeee39f669f3f33bacc0102660081330840918c2040c610286300143d8af98039f36cfdcfdfca97dd453f3de2b53e77eaf723f30fc5202863001439880214cc0102660081330846d990357ee5f3d6d6eb96af7e7fcd4f3573f9fa97db953f74ebfc20a0c6102863001439880214cc0102660081330847ddd994d7dea7db9abcfe1ef4cdd3f7c65f779d1abcfb9623f307c3801439880214cc0102660081330840918c26ecd8181335981214cc0102660081330840918c2040c6102863001439880214cc010266008fb1fe682adb7bb64dae20000000049454e44ae426082, 4),
(141, 173, 0x89504e470d0a1a0a0000000d494844520000014000000140080200000042f232fd000000097048597300000ec400000ec401952b0e1b0000072a49444154789ceddd4b6eec361400d17490fd6ff965ea0c048891aec9b2cf191b6af5a7c0c135a9cf9f3f7ffe029afede7d03c0ff2760081330840918c2040c6102863001439880214cc010266008133084fd73e78f3e9fcff47dbce2adffebbe7abf57d77febef57bd753f57765de7add75dbd9fd3dc79bf5660081330840918c2040c610286300143988021ecd61cf8caaef3b456e778d373c5e979ef955defebadeb54bec7694f7e275660081330840918c2040c610286300143988021ecd11cf8caf47ed7e9ebecda37bb7afdb7fe7ed71cfb4afdf3bf323167b602439880214cc0102660081330840918c2040c612373e0d39c3cc7fbeab4fb3c6d8e5a39cff93b5981214cc0102660081330840918c2040c610286b05f31079e7e0eed69cfcb9dde0fbceb7557aff31b5881214cc0102660081330840918c2040c610286b09139f06973b9fa7ed4e939f669f3f0b7aeff96d37ecf5f5981214cc0102660081330840918c2040c610286b04773e0fa39bdd3fb60dfdaef3a7d3fabea9fcfea754e6605863001439880214cc0102660081330840918c26ecd814fde0f79c769f3c65dde7abf6ffdfd95e9cfb3f27ddd6105863001439880214cc0102660081330840918c26ecd812be7219ff6bad3fb60574dbfeef4e7f6d6eb56fefe0e2b30840918c2040c6102863001439880214cc010f6e85ce85de7ee9ef6bcdce97dc2d3cfe9addb356f3fe17bb102439880214cc0102660081330840918c2040c619f89d954652eb7eb39baab76cd9fdf527ceeee1d6ffd9eed07865f4ac0102660081330840918c2040c610286b04773e0e239ba779c769fa79dcb7da5729ef395ca5cfd2b2b30840918c2040c6102863001439880214cc010f6e8f9c0a73d6ff684fd997754ee677aaebbeab4f9f095effc1d5a81214cc0102660081330840918c2040c610286b047cf077ecbeabceeade7b2aece3fdfba9f55957daabbe6ff6fd9f5bceb27acc0102660081330840918c2040c610286300143d8a339f0ae39d8f45c747a3fe7f479d1a79d5fbdeb7e76cd93bfb30b2b30840918c2040c6102863001439880214cc010f6e8f9c097173d6cffea69fb4857ed3a977b5a653ff369cfaffeca0a0c6102863001439880214cc0102660081330848d9c0b3dbdbf74d5aee70caf9a7ebf6fbd6e659e7fda9cdcf38181ff1030840918c2040c610286300143988021ecd61c78d7fcad3e4f5ebdceb4ca3ee155bb3ecfb79e53fd841518c2040c6102863001439880214cc010266008bb752ef4f479b9bbf6c14e3b6dfebc7afdb7d47f3fbbe6e7f603c30f2760081330840918c2040c610286300143d8a373a177cdf7de3af778d77ee3d5f77bdaf5579d369fdff57b5bbd9f3bacc0102660081330840918c2040c610286300143d8ad39f05b73bcd3ce799e367d8ef4ea5c77faf3dff57e7779eb7e9e7c5f5660081330840918c2040c610286300143988021ecd6b9d0e33771d89cf0b4e7f74eef7f3eedf9c6d3f773dabef42be6c0f0c30918c2040c6102863001439880214cc010766b3ff0f45ceea79e937cdabc7455fdfea79d70ff5660081330840918c2040c610286300143988021ecd17ee09fbaeff4b73daff8caaef755f95e4ef83d5881214cc0102660081330840918c2040c610286b09173a177ed933c6d6ebcebfad3f3f92bbbe6d8a7cde1575ff78a3930fc7002863001439880214cc010266008133084dd9a03ffd4fda5aba6e7a8aba6f75d4f5f67d7f375ebfbd2bfb202439880214cc0102660081330840918c2040c61b79e0f7c65d75c74756e363d9fdc356f3c6d4ebbaa3e9f7febf37ff2395b81214cc0102660081330840918c2040c610286b047fb814fdb475a3957f9b4fb9976da7edad3e6f34f5ed70a0c6102863001439880214cc0102660081330843dda0f7ce5b47da46fed1f5e75da9cf6b4b9e8f47cf5adcf797afff9135660081330840918c2040c610286300143988021ecd61c787aae3bfdbaa7cd8d4f9b0f4fdbb5ff79d7efe7cac4f76e05863001439880214cc0102660081330840918c26ecd812bf3c9d3f6f14edfcf69af7b657a5fee5bd7d975fef3135660081330840918c2040c610286300143988021ecd1b9d0bbf6099ff67cd7d3f6bbee9abbbeb55f7a7abe7ada9cfc092b30840918c2040c6102863001439880214cc01036f27ce0e97374574d9f1bbc6ad7b9d0bbe6ccbbe6ea27ecd79d6605863001439880214cc0102660081330840918c246e6c075f5fdabd3f3de5dfb694ffb9ca7e7e777eec70a0c6102863001439880214cc0102660081330849903bf60d7f38457e790bb9e337c65d7f396df72c239de5660081330840918c2040c6102863001439880216c640e7cdabc6ed509fb3c9fdccfaab7ee7ffa3aa79d9bbd6ae27bb402439880214cc0102660081330840918c2040c618fe6c0f5e7afee3af7787aae7865759ff0aef9f0aae973ad4f9e0f5b81214cc0102660081330840918c2040c610286b04f7def2efc665660081330840918c2040c6102863001439880214cc0102660081330840918c2fe05eeb1bf9f9c1aeaef0000000049454e44ae426082, 2),
(142, 174, 0x89504e470d0a1a0a0000000d494844520000014000000140080200000042f232fd000000097048597300000ec400000ec401952b0e1b0000072a49444154789ceddd4b6eec361400d17490fd6ff965ea0c048891aec9b2cf191b6af5a7c0c135a9cf9f3f7ffe029afede7d03c0ff2760081330840918c2040c6102863001439880214cc010266008133084fd73e78f3e9fcff47dbce2adffebbe7abf57d77febef57bd753f57765de7add75dbd9fd3dc79bf5660081330840918c2040c610286300143988021ecd61cf8caaef3b456e778d373c5e979ef955defebadeb54bec7694f7e275660081330840918c2040c610286300143988021ecd11cf8caf47ed7e9ebecda37bb7afdb7fe7ed71cfb4afdf3bf323167b602439880214cc0102660081330840918c2040c612373e0d39c3cc7fbeab4fb3c6d8e5a39cff93b5981214cc0102660081330840918c2040c610286b05f31079e7e0eed69cfcb9dde0fbceb7557aff31b5881214cc0102660081330840918c2040c610286b09139f06973b9fa7ed4e939f669f3f0b7aeff96d37ecf5f5981214cc0102660081330840918c2040c610286b04773e0fa39bdd3fb60dfdaef3a7d3fabea9fcfea754e6605863001439880214cc0102660081330840918c26ecd814fde0f79c769f3c65dde7abf6ffdfd95e9cfb3f27ddd6105863001439880214cc0102660081330840918c26ecd812be7219ff6bad3fb60574dbfeef4e7f6d6eb56fefe0e2b30840918c2040c6102863001439880214cc010f6e85ce85de7ee9ef6bcdce97dc2d3cfe9addb356f3fe17bb102439880214cc0102660081330840918c2040c619f89d954652eb7eb39baab76cd9fdf527ceeee1d6ffd9eed07865f4ac0102660081330840918c2040c610286b04773e0e239ba779c769fa79dcb7da5729ef395ca5cfd2b2b30840918c2040c6102863001439880214cc010f6e8f9c0a73d6ff684fd997754ee677aaebbeab4f9f095effc1d5a81214cc0102660081330840918c2040c610286b047cf077ecbeabceeade7b2aece3fdfba9f55957daabbe6ff6fd9f5bceb27acc0102660081330840918c2040c610286300143d8a339f0ae39d8f45c747a3fe7f479d1a79d5fbdeb7e76cd93bfb30b2b30840918c2040c6102863001439880214cc010f6e8f9c097173d6cffea69fb4857ed3a977b5a653ff369cfaffeca0a0c6102863001439880214cc0102660081330848d9c0b3dbdbf74d5aee70caf9a7ebf6fbd6e659e7fda9cdcf38181ff1030840918c2040c610286300143988021ecd61c78d7fcad3e4f5ebdceb4ca3ee155bb3ecfb79e53fd841518c2040c6102863001439880214cc010266008bb752ef4f479b9bbf6c14e3b6dfebc7afdb7d47f3fbbe6e7f603c30f2760081330840918c2040c610286300143d8a373a177cdf7de3af778d77ee3d5f77bdaf5579d369fdff57b5bbd9f3bacc0102660081330840918c2040c610286300143d8ad39f05b73bcd3ce799e367d8ef4ea5c77faf3dff57e7779eb7e9e7c5f5660081330840918c2040c610286300143988021ecd6b9d0e33771d89cf0b4e7f74eef7f3eedf9c6d3f773dabef42be6c0f0c30918c2040c6102863001439880214cc010766b3ff0f45ceea79e937cdabc7455fdfea79d70ff5660081330840918c2040c610286300143988021ecd17ee09fbaeff4b73daff8caaef755f95e4ef83d5881214cc0102660081330840918c2040c610286b09173a177ed933c6d6ebcebfad3f3f92bbbe6d8a7cde1575ff78a3930fc7002863001439880214cc010266008133084dd9a03ffd4fda5aba6e7a8aba6f75d4f5f67d7f375ebfbd2bfb202439880214cc0102660081330840918c2040c61b79e0f7c65d75c74756e363d9fdc356f3c6d4ebbaa3e9f7febf37ff2395b81214cc0102660081330840918c2040c610286b047fb814fdb475a3957f9b4fb9976da7edad3e6f34f5ed70a0c6102863001439880214cc0102660081330843dda0f7ce5b47da46fed1f5e75da9cf6b4b9e8f47cf5adcf797afff9135660081330840918c2040c610286300143988021ecd61c787aae3bfdbaa7cd8d4f9b0f4fdbb5ff79d7efe7cac4f76e05863001439880214cc0102660081330840918c26ecd812bf3c9d3f6f14edfcf69af7b657a5fee5bd7d975fef3135660081330840918c2040c610286300143988021ecd1b9d0bbf6099ff67cd7d3f6bbee9abbbeb55f7a7abe7ada9cfc092b30840918c2040c6102863001439880214cc01036f27ce0e97374574d9f1bbc6ad7b9d0bbe6ccbbe6ea27ecd79d6605863001439880214cc0102660081330840918c246e6c075f5fdabd3f3de5dfb694ffb9ca7e7e777eec70a0c6102863001439880214cc0102660081330849903bf60d7f38457e790bb9e337c65d7f396df72c239de5660081330840918c2040c6102863001439880216c640e7cdabc6ed509fb3c9fdccfaab7ee7ffa3aa79d9bbd6ae27bb402439880214cc0102660081330840918c2040c618fe6c0f5e7afee3af7787aae7865759ff0aef9f0aae973ad4f9e0f5b81214cc0102660081330840918c2040c610286b04f7def2efc665660081330840918c2040c6102863001439880214cc0102660081330840918c2fe05eeb1bf9f9c1aeaef0000000049454e44ae426082, 2),
(143, 175, 0x89504e470d0a1a0a0000000d494844520000014000000140080200000042f232fd000000097048597300000ec400000ec401952b0e1b0000072a49444154789ceddd4b6eec361400d17490fd6ff965ea0c048891aec9b2cf191b6af5a7c0c135a9cf9f3f7ffe029afede7d03c0ff2760081330840918c2040c6102863001439880214cc010266008133084fd73e78f3e9fcff47dbce2adffebbe7abf57d77febef57bd753f57765de7add75dbd9fd3dc79bf5660081330840918c2040c610286300143988021ecd61cf8caaef3b456e778d373c5e979ef955defebadeb54bec7694f7e275660081330840918c2040c610286300143988021ecd11cf8caf47ed7e9ebecda37bb7afdb7fe7ed71cfb4afdf3bf323167b602439880214cc0102660081330840918c2040c612373e0d39c3cc7fbeab4fb3c6d8e5a39cff93b5981214cc0102660081330840918c2040c610286b05f31079e7e0eed69cfcb9dde0fbceb7557aff31b5881214cc0102660081330840918c2040c610286b09139f06973b9fa7ed4e939f669f3f0b7aeff96d37ecf5f5981214cc0102660081330840918c2040c610286b04773e0fa39bdd3fb60dfdaef3a7d3fabea9fcfea754e6605863001439880214cc0102660081330840918c26ecd814fde0f79c769f3c65dde7abf6ffdfd95e9cfb3f27ddd6105863001439880214cc0102660081330840918c26ecd812be7219ff6bad3fb60574dbfeef4e7f6d6eb56fefe0e2b30840918c2040c6102863001439880214cc010f6e85ce85de7ee9ef6bcdce97dc2d3cfe9addb356f3fe17bb102439880214cc0102660081330840918c2040c619f89d954652eb7eb39baab76cd9fdf527ceeee1d6ffd9eed07865f4ac0102660081330840918c2040c610286b04773e0e239ba779c769fa79dcb7da5729ef395ca5cfd2b2b30840918c2040c6102863001439880214cc010f6e8f9c0a73d6ff684fd997754ee677aaebbeab4f9f095effc1d5a81214cc0102660081330840918c2040c610286b047cf077ecbeabceeade7b2aece3fdfba9f55957daabbe6ff6fd9f5bceb27acc0102660081330840918c2040c610286300143d8a339f0ae39d8f45c747a3fe7f479d1a79d5fbdeb7e76cd93bfb30b2b30840918c2040c6102863001439880214cc010f6e8f9c097173d6cffea69fb4857ed3a977b5a653ff369cfaffeca0a0c6102863001439880214cc0102660081330848d9c0b3dbdbf74d5aee70caf9a7ebf6fbd6e659e7fda9cdcf38181ff1030840918c2040c610286300143988021ecd61c78d7fcad3e4f5ebdceb4ca3ee155bb3ecfb79e53fd841518c2040c6102863001439880214cc010266008bb752ef4f479b9bbf6c14e3b6dfebc7afdb7d47f3fbbe6e7f603c30f2760081330840918c2040c610286300143d8a373a177cdf7de3af778d77ee3d5f77bdaf5579d369fdff57b5bbd9f3bacc0102660081330840918c2040c610286300143d8ad39f05b73bcd3ce799e367d8ef4ea5c77faf3dff57e7779eb7e9e7c5f5660081330840918c2040c610286300143988021ecd6b9d0e33771d89cf0b4e7f74eef7f3eedf9c6d3f773dabef42be6c0f0c30918c2040c6102863001439880214cc010766b3ff0f45ceea79e937cdabc7455fdfea79d70ff5660081330840918c2040c610286300143988021ecd17ee09fbaeff4b73daff8caaef755f95e4ef83d5881214cc0102660081330840918c2040c610286b09173a177ed933c6d6ebcebfad3f3f92bbbe6d8a7cde1575ff78a3930fc7002863001439880214cc010266008133084dd9a03ffd4fda5aba6e7a8aba6f75d4f5f67d7f375ebfbd2bfb202439880214cc0102660081330840918c2040c61b79e0f7c65d75c74756e363d9fdc356f3c6d4ebbaa3e9f7febf37ff2395b81214cc0102660081330840918c2040c610286b047fb814fdb475a3957f9b4fb9976da7edad3e6f34f5ed70a0c6102863001439880214cc0102660081330843dda0f7ce5b47da46fed1f5e75da9cf6b4b9e8f47cf5adcf797afff9135660081330840918c2040c610286300143988021ecd61c787aae3bfdbaa7cd8d4f9b0f4fdbb5ff79d7efe7cac4f76e05863001439880214cc0102660081330840918c26ecd812bf3c9d3f6f14edfcf69af7b657a5fee5bd7d975fef3135660081330840918c2040c610286300143988021ecd1b9d0bbf6099ff67cd7d3f6bbee9abbbeb55f7a7abe7ada9cfc092b30840918c2040c6102863001439880214cc01036f27ce0e97374574d9f1bbc6ad7b9d0bbe6ccbbe6ea27ecd79d6605863001439880214cc0102660081330840918c246e6c075f5fdabd3f3de5dfb694ffb9ca7e7e777eec70a0c6102863001439880214cc0102660081330849903bf60d7f38457e790bb9e337c65d7f396df72c239de5660081330840918c2040c6102863001439880216c640e7cdabc6ed509fb3c9fdccfaab7ee7ffa3aa79d9bbd6ae27bb402439880214cc0102660081330840918c2040c618fe6c0f5e7afee3af7787aae7865759ff0aef9f0aae973ad4f9e0f5b81214cc0102660081330840918c2040c610286b04f7def2efc665660081330840918c2040c6102863001439880214cc0102660081330840918c2fe05eeb1bf9f9c1aeaef0000000049454e44ae426082, 2),
(144, 176, 0x89504e470d0a1a0a0000000d494844520000014000000140080200000042f232fd000000097048597300000ec400000ec401952b0e1b0000072a49444154789ceddd4b6eec361400d17490fd6ff965ea0c048891aec9b2cf191b6af5a7c0c135a9cf9f3f7ffe029afede7d03c0ff2760081330840918c2040c6102863001439880214cc010266008133084fd73e78f3e9fcff47dbce2adffebbe7abf57d77febef57bd753f57765de7add75dbd9fd3dc79bf5660081330840918c2040c610286300143988021ecd61cf8caaef3b456e778d373c5e979ef955defebadeb54bec7694f7e275660081330840918c2040c610286300143988021ecd11cf8caf47ed7e9ebecda37bb7afdb7fe7ed71cfb4afdf3bf323167b602439880214cc0102660081330840918c2040c612373e0d39c3cc7fbeab4fb3c6d8e5a39cff93b5981214cc0102660081330840918c2040c610286b05f31079e7e0eed69cfcb9dde0fbceb7557aff31b5881214cc0102660081330840918c2040c610286b09139f06973b9fa7ed4e939f669f3f0b7aeff96d37ecf5f5981214cc0102660081330840918c2040c610286b04773e0fa39bdd3fb60dfdaef3a7d3fabea9fcfea754e6605863001439880214cc0102660081330840918c26ecd814fde0f79c769f3c65dde7abf6ffdfd95e9cfb3f27ddd6105863001439880214cc0102660081330840918c26ecd812be7219ff6bad3fb60574dbfeef4e7f6d6eb56fefe0e2b30840918c2040c6102863001439880214cc010f6e85ce85de7ee9ef6bcdce97dc2d3cfe9addb356f3fe17bb102439880214cc0102660081330840918c2040c619f89d954652eb7eb39baab76cd9fdf527ceeee1d6ffd9eed07865f4ac0102660081330840918c2040c610286b04773e0e239ba779c769fa79dcb7da5729ef395ca5cfd2b2b30840918c2040c6102863001439880214cc010f6e8f9c0a73d6ff684fd997754ee677aaebbeab4f9f095effc1d5a81214cc0102660081330840918c2040c610286b047cf077ecbeabceeade7b2aece3fdfba9f55957daabbe6ff6fd9f5bceb27acc0102660081330840918c2040c610286300143d8a339f0ae39d8f45c747a3fe7f479d1a79d5fbdeb7e76cd93bfb30b2b30840918c2040c6102863001439880214cc010f6e8f9c097173d6cffea69fb4857ed3a977b5a653ff369cfaffeca0a0c6102863001439880214cc0102660081330848d9c0b3dbdbf74d5aee70caf9a7ebf6fbd6e659e7fda9cdcf38181ff1030840918c2040c610286300143988021ecd61c78d7fcad3e4f5ebdceb4ca3ee155bb3ecfb79e53fd841518c2040c6102863001439880214cc010266008bb752ef4f479b9bbf6c14e3b6dfebc7afdb7d47f3fbbe6e7f603c30f2760081330840918c2040c610286300143d8a373a177cdf7de3af778d77ee3d5f77bdaf5579d369fdff57b5bbd9f3bacc0102660081330840918c2040c610286300143d8ad39f05b73bcd3ce799e367d8ef4ea5c77faf3dff57e7779eb7e9e7c5f5660081330840918c2040c610286300143988021ecd6b9d0e33771d89cf0b4e7f74eef7f3eedf9c6d3f773dabef42be6c0f0c30918c2040c6102863001439880214cc010766b3ff0f45ceea79e937cdabc7455fdfea79d70ff5660081330840918c2040c610286300143988021ecd17ee09fbaeff4b73daff8caaef755f95e4ef83d5881214cc0102660081330840918c2040c610286b09173a177ed933c6d6ebcebfad3f3f92bbbe6d8a7cde1575ff78a3930fc7002863001439880214cc010266008133084dd9a03ffd4fda5aba6e7a8aba6f75d4f5f67d7f375ebfbd2bfb202439880214cc0102660081330840918c2040c61b79e0f7c65d75c74756e363d9fdc356f3c6d4ebbaa3e9f7febf37ff2395b81214cc0102660081330840918c2040c610286b047fb814fdb475a3957f9b4fb9976da7edad3e6f34f5ed70a0c6102863001439880214cc0102660081330843dda0f7ce5b47da46fed1f5e75da9cf6b4b9e8f47cf5adcf797afff9135660081330840918c2040c610286300143988021ecd61c787aae3bfdbaa7cd8d4f9b0f4fdbb5ff79d7efe7cac4f76e05863001439880214cc0102660081330840918c26ecd812bf3c9d3f6f14edfcf69af7b657a5fee5bd7d975fef3135660081330840918c2040c610286300143988021ecd1b9d0bbf6099ff67cd7d3f6bbee9abbbeb55f7a7abe7ada9cfc092b30840918c2040c6102863001439880214cc01036f27ce0e97374574d9f1bbc6ad7b9d0bbe6ccbbe6ea27ecd79d6605863001439880214cc0102660081330840918c246e6c075f5fdabd3f3de5dfb694ffb9ca7e7e777eec70a0c6102863001439880214cc0102660081330849903bf60d7f38457e790bb9e337c65d7f396df72c239de5660081330840918c2040c6102863001439880216c640e7cdabc6ed509fb3c9fdccfaab7ee7ffa3aa79d9bbd6ae27bb402439880214cc0102660081330840918c2040c618fe6c0f5e7afee3af7787aae7865759ff0aef9f0aae973ad4f9e0f5b81214cc0102660081330840918c2040c610286b04f7def2efc665660081330840918c2040c6102863001439880214cc0102660081330840918c2fe05eeb1bf9f9c1aeaef0000000049454e44ae426082, 2),
(145, 177, 0x89504e470d0a1a0a0000000d494844520000014000000140080200000042f232fd000000097048597300000ec400000ec401952b0e1b0000072a49444154789ceddd4b6eec361400d17490fd6ff965ea0c048891aec9b2cf191b6af5a7c0c135a9cf9f3f7ffe029afede7d03c0ff2760081330840918c2040c6102863001439880214cc010266008133084fd73e78f3e9fcff47dbce2adffebbe7abf57d77febef57bd753f57765de7add75dbd9fd3dc79bf5660081330840918c2040c610286300143988021ecd61cf8caaef3b456e778d373c5e979ef955defebadeb54bec7694f7e275660081330840918c2040c610286300143988021ecd11cf8caf47ed7e9ebecda37bb7afdb7fe7ed71cfb4afdf3bf323167b602439880214cc0102660081330840918c2040c612373e0d39c3cc7fbeab4fb3c6d8e5a39cff93b5981214cc0102660081330840918c2040c610286b05f31079e7e0eed69cfcb9dde0fbceb7557aff31b5881214cc0102660081330840918c2040c610286b09139f06973b9fa7ed4e939f669f3f0b7aeff96d37ecf5f5981214cc0102660081330840918c2040c610286b04773e0fa39bdd3fb60dfdaef3a7d3fabea9fcfea754e6605863001439880214cc0102660081330840918c26ecd814fde0f79c769f3c65dde7abf6ffdfd95e9cfb3f27ddd6105863001439880214cc0102660081330840918c26ecd812be7219ff6bad3fb60574dbfeef4e7f6d6eb56fefe0e2b30840918c2040c6102863001439880214cc010f6e85ce85de7ee9ef6bcdce97dc2d3cfe9addb356f3fe17bb102439880214cc0102660081330840918c2040c619f89d954652eb7eb39baab76cd9fdf527ceeee1d6ffd9eed07865f4ac0102660081330840918c2040c610286b04773e0e239ba779c769fa79dcb7da5729ef395ca5cfd2b2b30840918c2040c6102863001439880214cc010f6e8f9c0a73d6ff684fd997754ee677aaebbeab4f9f095effc1d5a81214cc0102660081330840918c2040c610286b047cf077ecbeabceeade7b2aece3fdfba9f55957daabbe6ff6fd9f5bceb27acc0102660081330840918c2040c610286300143d8a339f0ae39d8f45c747a3fe7f479d1a79d5fbdeb7e76cd93bfb30b2b30840918c2040c6102863001439880214cc010f6e8f9c097173d6cffea69fb4857ed3a977b5a653ff369cfaffeca0a0c6102863001439880214cc0102660081330848d9c0b3dbdbf74d5aee70caf9a7ebf6fbd6e659e7fda9cdcf38181ff1030840918c2040c610286300143988021ecd61c78d7fcad3e4f5ebdceb4ca3ee155bb3ecfb79e53fd841518c2040c6102863001439880214cc010266008bb752ef4f479b9bbf6c14e3b6dfebc7afdb7d47f3fbbe6e7f603c30f2760081330840918c2040c610286300143d8a373a177cdf7de3af778d77ee3d5f77bdaf5579d369fdff57b5bbd9f3bacc0102660081330840918c2040c610286300143d8ad39f05b73bcd3ce799e367d8ef4ea5c77faf3dff57e7779eb7e9e7c5f5660081330840918c2040c610286300143988021ecd6b9d0e33771d89cf0b4e7f74eef7f3eedf9c6d3f773dabef42be6c0f0c30918c2040c6102863001439880214cc010766b3ff0f45ceea79e937cdabc7455fdfea79d70ff5660081330840918c2040c610286300143988021ecd17ee09fbaeff4b73daff8caaef755f95e4ef83d5881214cc0102660081330840918c2040c610286b09173a177ed933c6d6ebcebfad3f3f92bbbe6d8a7cde1575ff78a3930fc7002863001439880214cc010266008133084dd9a03ffd4fda5aba6e7a8aba6f75d4f5f67d7f375ebfbd2bfb202439880214cc0102660081330840918c2040c61b79e0f7c65d75c74756e363d9fdc356f3c6d4ebbaa3e9f7febf37ff2395b81214cc0102660081330840918c2040c610286b047fb814fdb475a3957f9b4fb9976da7edad3e6f34f5ed70a0c6102863001439880214cc0102660081330843dda0f7ce5b47da46fed1f5e75da9cf6b4b9e8f47cf5adcf797afff9135660081330840918c2040c610286300143988021ecd61c787aae3bfdbaa7cd8d4f9b0f4fdbb5ff79d7efe7cac4f76e05863001439880214cc0102660081330840918c26ecd812bf3c9d3f6f14edfcf69af7b657a5fee5bd7d975fef3135660081330840918c2040c610286300143988021ecd1b9d0bbf6099ff67cd7d3f6bbee9abbbeb55f7a7abe7ada9cfc092b30840918c2040c6102863001439880214cc01036f27ce0e97374574d9f1bbc6ad7b9d0bbe6ccbbe6ea27ecd79d6605863001439880214cc0102660081330840918c246e6c075f5fdabd3f3de5dfb694ffb9ca7e7e777eec70a0c6102863001439880214cc0102660081330849903bf60d7f38457e790bb9e337c65d7f396df72c239de5660081330840918c2040c6102863001439880216c640e7cdabc6ed509fb3c9fdccfaab7ee7ffa3aa79d9bbd6ae27bb402439880214cc0102660081330840918c2040c618fe6c0f5e7afee3af7787aae7865759ff0aef9f0aae973ad4f9e0f5b81214cc0102660081330840918c2040c610286b04f7def2efc665660081330840918c2040c6102863001439880214cc0102660081330840918c2fe05eeb1bf9f9c1aeaef0000000049454e44ae426082, 2),
(146, 178, 0x89504e470d0a1a0a0000000d494844520000014000000140080200000042f232fd000000097048597300000ec400000ec401952b0e1b0000072a49444154789ceddd4b6eec361400d17490fd6ff965ea0c048891aec9b2cf191b6af5a7c0c135a9cf9f3f7ffe029afede7d03c0ff2760081330840918c2040c6102863001439880214cc010266008133084fd73e78f3e9fcff47dbce2adffebbe7abf57d77febef57bd753f57765de7add75dbd9fd3dc79bf5660081330840918c2040c610286300143988021ecd61cf8caaef3b456e778d373c5e979ef955defebadeb54bec7694f7e275660081330840918c2040c610286300143988021ecd11cf8caf47ed7e9ebecda37bb7afdb7fe7ed71cfb4afdf3bf323167b602439880214cc0102660081330840918c2040c612373e0d39c3cc7fbeab4fb3c6d8e5a39cff93b5981214cc0102660081330840918c2040c610286b05f31079e7e0eed69cfcb9dde0fbceb7557aff31b5881214cc0102660081330840918c2040c610286b09139f06973b9fa7ed4e939f669f3f0b7aeff96d37ecf5f5981214cc0102660081330840918c2040c610286b04773e0fa39bdd3fb60dfdaef3a7d3fabea9fcfea754e6605863001439880214cc0102660081330840918c26ecd814fde0f79c769f3c65dde7abf6ffdfd95e9cfb3f27ddd6105863001439880214cc0102660081330840918c26ecd812be7219ff6bad3fb60574dbfeef4e7f6d6eb56fefe0e2b30840918c2040c6102863001439880214cc010f6e85ce85de7ee9ef6bcdce97dc2d3cfe9addb356f3fe17bb102439880214cc0102660081330840918c2040c619f89d954652eb7eb39baab76cd9fdf527ceeee1d6ffd9eed07865f4ac0102660081330840918c2040c610286b04773e0e239ba779c769fa79dcb7da5729ef395ca5cfd2b2b30840918c2040c6102863001439880214cc010f6e8f9c0a73d6ff684fd997754ee677aaebbeab4f9f095effc1d5a81214cc0102660081330840918c2040c610286b047cf077ecbeabceeade7b2aece3fdfba9f55957daabbe6ff6fd9f5bceb27acc0102660081330840918c2040c610286300143d8a339f0ae39d8f45c747a3fe7f479d1a79d5fbdeb7e76cd93bfb30b2b30840918c2040c6102863001439880214cc010f6e8f9c097173d6cffea69fb4857ed3a977b5a653ff369cfaffeca0a0c6102863001439880214cc0102660081330848d9c0b3dbdbf74d5aee70caf9a7ebf6fbd6e659e7fda9cdcf38181ff1030840918c2040c610286300143988021ecd61c78d7fcad3e4f5ebdceb4ca3ee155bb3ecfb79e53fd841518c2040c6102863001439880214cc010266008bb752ef4f479b9bbf6c14e3b6dfebc7afdb7d47f3fbbe6e7f603c30f2760081330840918c2040c610286300143d8a373a177cdf7de3af778d77ee3d5f77bdaf5579d369fdff57b5bbd9f3bacc0102660081330840918c2040c610286300143d8ad39f05b73bcd3ce799e367d8ef4ea5c77faf3dff57e7779eb7e9e7c5f5660081330840918c2040c610286300143988021ecd6b9d0e33771d89cf0b4e7f74eef7f3eedf9c6d3f773dabef42be6c0f0c30918c2040c6102863001439880214cc010766b3ff0f45ceea79e937cdabc7455fdfea79d70ff5660081330840918c2040c610286300143988021ecd17ee09fbaeff4b73daff8caaef755f95e4ef83d5881214cc0102660081330840918c2040c610286b09173a177ed933c6d6ebcebfad3f3f92bbbe6d8a7cde1575ff78a3930fc7002863001439880214cc010266008133084dd9a03ffd4fda5aba6e7a8aba6f75d4f5f67d7f375ebfbd2bfb202439880214cc0102660081330840918c2040c61b79e0f7c65d75c74756e363d9fdc356f3c6d4ebbaa3e9f7febf37ff2395b81214cc0102660081330840918c2040c610286b047fb814fdb475a3957f9b4fb9976da7edad3e6f34f5ed70a0c6102863001439880214cc0102660081330843dda0f7ce5b47da46fed1f5e75da9cf6b4b9e8f47cf5adcf797afff9135660081330840918c2040c610286300143988021ecd61c787aae3bfdbaa7cd8d4f9b0f4fdbb5ff79d7efe7cac4f76e05863001439880214cc0102660081330840918c26ecd812bf3c9d3f6f14edfcf69af7b657a5fee5bd7d975fef3135660081330840918c2040c610286300143988021ecd1b9d0bbf6099ff67cd7d3f6bbee9abbbeb55f7a7abe7ada9cfc092b30840918c2040c6102863001439880214cc01036f27ce0e97374574d9f1bbc6ad7b9d0bbe6ccbbe6ea27ecd79d6605863001439880214cc0102660081330840918c246e6c075f5fdabd3f3de5dfb694ffb9ca7e7e777eec70a0c6102863001439880214cc0102660081330849903bf60d7f38457e790bb9e337c65d7f396df72c239de5660081330840918c2040c6102863001439880216c640e7cdabc6ed509fb3c9fdccfaab7ee7ffa3aa79d9bbd6ae27bb402439880214cc0102660081330840918c2040c618fe6c0f5e7afee3af7787aae7865759ff0aef9f0aae973ad4f9e0f5b81214cc0102660081330840918c2040c610286b04f7def2efc665660081330840918c2040c6102863001439880214cc0102660081330840918c2fe05eeb1bf9f9c1aeaef0000000049454e44ae426082, 2),
(147, 179, 0x89504e470d0a1a0a0000000d494844520000014000000140080200000042f232fd000000097048597300000ec400000ec401952b0e1b0000072a49444154789ceddd4b6eec361400d17490fd6ff965ea0c048891aec9b2cf191b6af5a7c0c135a9cf9f3f7ffe029afede7d03c0ff2760081330840918c2040c6102863001439880214cc010266008133084fd73e78f3e9fcff47dbce2adffebbe7abf57d77febef57bd753f57765de7add75dbd9fd3dc79bf5660081330840918c2040c610286300143988021ecd61cf8caaef3b456e778d373c5e979ef955defebadeb54bec7694f7e275660081330840918c2040c610286300143988021ecd11cf8caf47ed7e9ebecda37bb7afdb7fe7ed71cfb4afdf3bf323167b602439880214cc0102660081330840918c2040c612373e0d39c3cc7fbeab4fb3c6d8e5a39cff93b5981214cc0102660081330840918c2040c610286b05f31079e7e0eed69cfcb9dde0fbceb7557aff31b5881214cc0102660081330840918c2040c610286b09139f06973b9fa7ed4e939f669f3f0b7aeff96d37ecf5f5981214cc0102660081330840918c2040c610286b04773e0fa39bdd3fb60dfdaef3a7d3fabea9fcfea754e6605863001439880214cc0102660081330840918c26ecd814fde0f79c769f3c65dde7abf6ffdfd95e9cfb3f27ddd6105863001439880214cc0102660081330840918c26ecd812be7219ff6bad3fb60574dbfeef4e7f6d6eb56fefe0e2b30840918c2040c6102863001439880214cc010f6e85ce85de7ee9ef6bcdce97dc2d3cfe9addb356f3fe17bb102439880214cc0102660081330840918c2040c619f89d954652eb7eb39baab76cd9fdf527ceeee1d6ffd9eed07865f4ac0102660081330840918c2040c610286b04773e0e239ba779c769fa79dcb7da5729ef395ca5cfd2b2b30840918c2040c6102863001439880214cc010f6e8f9c0a73d6ff684fd997754ee677aaebbeab4f9f095effc1d5a81214cc0102660081330840918c2040c610286b047cf077ecbeabceeade7b2aece3fdfba9f55957daabbe6ff6fd9f5bceb27acc0102660081330840918c2040c610286300143d8a339f0ae39d8f45c747a3fe7f479d1a79d5fbdeb7e76cd93bfb30b2b30840918c2040c6102863001439880214cc010f6e8f9c097173d6cffea69fb4857ed3a977b5a653ff369cfaffeca0a0c6102863001439880214cc0102660081330848d9c0b3dbdbf74d5aee70caf9a7ebf6fbd6e659e7fda9cdcf38181ff1030840918c2040c610286300143988021ecd61c78d7fcad3e4f5ebdceb4ca3ee155bb3ecfb79e53fd841518c2040c6102863001439880214cc010266008bb752ef4f479b9bbf6c14e3b6dfebc7afdb7d47f3fbbe6e7f603c30f2760081330840918c2040c610286300143d8a373a177cdf7de3af778d77ee3d5f77bdaf5579d369fdff57b5bbd9f3bacc0102660081330840918c2040c610286300143d8ad39f05b73bcd3ce799e367d8ef4ea5c77faf3dff57e7779eb7e9e7c5f5660081330840918c2040c610286300143988021ecd6b9d0e33771d89cf0b4e7f74eef7f3eedf9c6d3f773dabef42be6c0f0c30918c2040c6102863001439880214cc010766b3ff0f45ceea79e937cdabc7455fdfea79d70ff5660081330840918c2040c610286300143988021ecd17ee09fbaeff4b73daff8caaef755f95e4ef83d5881214cc0102660081330840918c2040c610286b09173a177ed933c6d6ebcebfad3f3f92bbbe6d8a7cde1575ff78a3930fc7002863001439880214cc010266008133084dd9a03ffd4fda5aba6e7a8aba6f75d4f5f67d7f375ebfbd2bfb202439880214cc0102660081330840918c2040c61b79e0f7c65d75c74756e363d9fdc356f3c6d4ebbaa3e9f7febf37ff2395b81214cc0102660081330840918c2040c610286b047fb814fdb475a3957f9b4fb9976da7edad3e6f34f5ed70a0c6102863001439880214cc0102660081330843dda0f7ce5b47da46fed1f5e75da9cf6b4b9e8f47cf5adcf797afff9135660081330840918c2040c610286300143988021ecd61c787aae3bfdbaa7cd8d4f9b0f4fdbb5ff79d7efe7cac4f76e05863001439880214cc0102660081330840918c26ecd812bf3c9d3f6f14edfcf69af7b657a5fee5bd7d975fef3135660081330840918c2040c610286300143988021ecd1b9d0bbf6099ff67cd7d3f6bbee9abbbeb55f7a7abe7ada9cfc092b30840918c2040c6102863001439880214cc01036f27ce0e97374574d9f1bbc6ad7b9d0bbe6ccbbe6ea27ecd79d6605863001439880214cc0102660081330840918c246e6c075f5fdabd3f3de5dfb694ffb9ca7e7e777eec70a0c6102863001439880214cc0102660081330849903bf60d7f38457e790bb9e337c65d7f396df72c239de5660081330840918c2040c6102863001439880216c640e7cdabc6ed509fb3c9fdccfaab7ee7ffa3aa79d9bbd6ae27bb402439880214cc0102660081330840918c2040c618fe6c0f5e7afee3af7787aae7865759ff0aef9f0aae973ad4f9e0f5b81214cc0102660081330840918c2040c610286b04f7def2efc665660081330840918c2040c6102863001439880214cc0102660081330840918c2fe05eeb1bf9f9c1aeaef0000000049454e44ae426082, 2),
(148, 180, 0x89504e470d0a1a0a0000000d494844520000014000000140080200000042f232fd000000097048597300000ec400000ec401952b0e1b0000072a49444154789ceddd4b6eec361400d17490fd6ff965ea0c048891aec9b2cf191b6af5a7c0c135a9cf9f3f7ffe029afede7d03c0ff2760081330840918c2040c6102863001439880214cc010266008133084fd73e78f3e9fcff47dbce2adffebbe7abf57d77febef57bd753f57765de7add75dbd9fd3dc79bf5660081330840918c2040c610286300143988021ecd61cf8caaef3b456e778d373c5e979ef955defebadeb54bec7694f7e275660081330840918c2040c610286300143988021ecd11cf8caf47ed7e9ebecda37bb7afdb7fe7ed71cfb4afdf3bf323167b602439880214cc0102660081330840918c2040c612373e0d39c3cc7fbeab4fb3c6d8e5a39cff93b5981214cc0102660081330840918c2040c610286b05f31079e7e0eed69cfcb9dde0fbceb7557aff31b5881214cc0102660081330840918c2040c610286b09139f06973b9fa7ed4e939f669f3f0b7aeff96d37ecf5f5981214cc0102660081330840918c2040c610286b04773e0fa39bdd3fb60dfdaef3a7d3fabea9fcfea754e6605863001439880214cc0102660081330840918c26ecd814fde0f79c769f3c65dde7abf6ffdfd95e9cfb3f27ddd6105863001439880214cc0102660081330840918c26ecd812be7219ff6bad3fb60574dbfeef4e7f6d6eb56fefe0e2b30840918c2040c6102863001439880214cc010f6e85ce85de7ee9ef6bcdce97dc2d3cfe9addb356f3fe17bb102439880214cc0102660081330840918c2040c619f89d954652eb7eb39baab76cd9fdf527ceeee1d6ffd9eed07865f4ac0102660081330840918c2040c610286b04773e0e239ba779c769fa79dcb7da5729ef395ca5cfd2b2b30840918c2040c6102863001439880214cc010f6e8f9c0a73d6ff684fd997754ee677aaebbeab4f9f095effc1d5a81214cc0102660081330840918c2040c610286b047cf077ecbeabceeade7b2aece3fdfba9f55957daabbe6ff6fd9f5bceb27acc0102660081330840918c2040c610286300143d8a339f0ae39d8f45c747a3fe7f479d1a79d5fbdeb7e76cd93bfb30b2b30840918c2040c6102863001439880214cc010f6e8f9c097173d6cffea69fb4857ed3a977b5a653ff369cfaffeca0a0c6102863001439880214cc0102660081330848d9c0b3dbdbf74d5aee70caf9a7ebf6fbd6e659e7fda9cdcf38181ff1030840918c2040c610286300143988021ecd61c78d7fcad3e4f5ebdceb4ca3ee155bb3ecfb79e53fd841518c2040c6102863001439880214cc010266008bb752ef4f479b9bbf6c14e3b6dfebc7afdb7d47f3fbbe6e7f603c30f2760081330840918c2040c610286300143d8a373a177cdf7de3af778d77ee3d5f77bdaf5579d369fdff57b5bbd9f3bacc0102660081330840918c2040c610286300143d8ad39f05b73bcd3ce799e367d8ef4ea5c77faf3dff57e7779eb7e9e7c5f5660081330840918c2040c610286300143988021ecd6b9d0e33771d89cf0b4e7f74eef7f3eedf9c6d3f773dabef42be6c0f0c30918c2040c6102863001439880214cc010766b3ff0f45ceea79e937cdabc7455fdfea79d70ff5660081330840918c2040c610286300143988021ecd17ee09fbaeff4b73daff8caaef755f95e4ef83d5881214cc0102660081330840918c2040c610286b09173a177ed933c6d6ebcebfad3f3f92bbbe6d8a7cde1575ff78a3930fc7002863001439880214cc010266008133084dd9a03ffd4fda5aba6e7a8aba6f75d4f5f67d7f375ebfbd2bfb202439880214cc0102660081330840918c2040c61b79e0f7c65d75c74756e363d9fdc356f3c6d4ebbaa3e9f7febf37ff2395b81214cc0102660081330840918c2040c610286b047fb814fdb475a3957f9b4fb9976da7edad3e6f34f5ed70a0c6102863001439880214cc0102660081330843dda0f7ce5b47da46fed1f5e75da9cf6b4b9e8f47cf5adcf797afff9135660081330840918c2040c610286300143988021ecd61c787aae3bfdbaa7cd8d4f9b0f4fdbb5ff79d7efe7cac4f76e05863001439880214cc0102660081330840918c26ecd812bf3c9d3f6f14edfcf69af7b657a5fee5bd7d975fef3135660081330840918c2040c610286300143988021ecd1b9d0bbf6099ff67cd7d3f6bbee9abbbeb55f7a7abe7ada9cfc092b30840918c2040c6102863001439880214cc01036f27ce0e97374574d9f1bbc6ad7b9d0bbe6ccbbe6ea27ecd79d6605863001439880214cc0102660081330840918c246e6c075f5fdabd3f3de5dfb694ffb9ca7e7e777eec70a0c6102863001439880214cc0102660081330849903bf60d7f38457e790bb9e337c65d7f396df72c239de5660081330840918c2040c6102863001439880216c640e7cdabc6ed509fb3c9fdccfaab7ee7ffa3aa79d9bbd6ae27bb402439880214cc0102660081330840918c2040c618fe6c0f5e7afee3af7787aae7865759ff0aef9f0aae973ad4f9e0f5b81214cc0102660081330840918c2040c610286b04f7def2efc665660081330840918c2040c6102863001439880214cc0102660081330840918c2fe05eeb1bf9f9c1aeaef0000000049454e44ae426082, 2),
(149, 181, 0x89504e470d0a1a0a0000000d494844520000014000000140080200000042f232fd000000097048597300000ec400000ec401952b0e1b0000070049444154789cedddc18e22b91240d1574ffdffbfdcb3ad59a4941ed2382e9cb346244d71e545b4ed9fbf7ffffe0f68faffe90f00fc7702863001439880214cc0102660081330840918c2040c610286300143d89f3b2ffaf9f9d9fd391ee1ff75bfc7d5efe1d4f7bffa793ee9f76c05863001439880214cc0102660081330840918c26ecd81af4c9bfb3df5fa554fcd1b57df67f5fbdf3dbfadcc57af547ecfbf5981214cc0102660081330840918c2040c610286b097e6c0579e9a07ee9ecbed9ebbee9ed34edb97bbfbb9a7febd937fcf5660081330840918c2040c6102863001439880216ccb1c789aa7e6a8a7ce1fdebdcf76f7bee5d5f7e13e2b30840918c2040c6102863001439880214cc010f61573e0ca1cf529a73ecfb473aabf811518c2040c6102863001439880214cc010266008db3207aeccf12afb844f3d77f73c79f7eb9f32f9f76c05863001439880214cc0102660081330840918c25e9a03efde67fb6da6cda577cf934f7dfe2bc5dfb31518c2040c6102863001439880214cc010266008bb35079ebc1f72b2a7e68a9579ecaaa7debfb2af78072b30840918c2040c6102863001439880214cc010766b0e7cea1ce3dd9f67f5f5d3f6a99e9a67eefe3dec366d3effcadfd10a0c6102863001439880214cc0102660081330848dd80fbc3ae75c9dbf4d9ba33e65dabfebd43ee1ddbf9f55effc7d5a81214cc0102660081330840918c2040c610286b09f576677bbe766abcf9d765feeeefda2d3f6b59e7aeea9fdd5a77effbf5981214cc0102660081330840918c2040c610286b01173e02bd3ce4ffeb6b9e834d3e6f613ee49b602439880214cc0102660081330840918c2040c61b7ce855eb57b0e59b967f8a9e75ed97dfe73e5fee1ddcf9d3c57b702439880214cc0102660081330840918c2040c612fed075e7ed8a17d98a7e68ad33e67654ebeaab25f7ac7f76305863001439880214cc0102660081330840918c25eda0fbc7b4e5bb917f7a939f6a9fb87a7dd57bcfadc53e7873b171a788980214cc0102660081330840918c2040c616fbd1ff8d4dc755565dfeca97db0a7e6fca7eeefbdb27b3e6f0e0c1f4ec0102660081330840918c2040c610286b05b73e069e70357ee07aecc87af54fe8ef5e75e3107860f2760081330840918c2040c610286300143d847ed07be52b967b872bfee955373f269e78aaf722e347c2901439880214cc0102660081330840918c25e9a032f3f6cc039ba933fcfaafaf7b3aa32d7bd623f30f02f02863001439880214cc010266008133084fdb9f3a2fa3cf0eaf5d3f697eeb6fb3ce453f7f73ef577a97ccedfacc0102660081330840918c2040c610286300143d888fdc0a754f6fd9ef2a9e7605f99766fb0fdc0f0e1040c6102863001439880214cc010266008dbb21f78d5a97b5677effb9d36f7beb2fafd9fda7f7bea9ee7c9bf7f2b30840918c2040c6102863001439880214cc010766b3ff0a9f9dba9fb604fcd27574d9b33efbe7f78d5a97b83dff95c2b30840918c2040c6102863001439880214cc010b6e55ce869f3b74f9d2b4efb774d736a1ff83bcfbbb602439880214cc0102660081330840918c2040c616f9d034f3bfff9cae4fd9f774cdbcf7c6a8e3aeddfb5ca7e60f87002863001439880214cc010266008133084bd34073e355fad9cb7bc7b2e3ded3ee42befdc1ffb8acadfe5372b30840918c2040c6102863001439880214cc010f6e7ce8b2af703efdeefbafafe4fcd5177ef3badbfff9553fb9f9d0b0ddc2260081330840918c2040c610286300143d8ad39f0a9f9eaa9d73f65daf9c3d3f66357ceeb5ef5cee75a81214cc0102660081330840918c2040c610286b05be74257f673ee366dfff353a69ddb7ceafceaa7bcf39e6a2b30840918c2040c6102863001439880214cc010f6d27ee053be6d5febeafbec3e8f7ada3ee72bbb3fe7847de95660081330840918c2040c610286300143988021eca5fb81a799361f5eb5fa3defbeb7f9d4fbd4e7dbabcfbd623f307c3801439880214cc0102660081330840918c26ecd81af54e6a5a7ee95ddbd5ff4ea73ee9e975ed93dbf7de779cbaf703f30708b80214cc0102660081330840918c2040c612fcd81af9c9aa3ae3a750fedeee74e9bcf9f3a477af73c76c2efdc0a0c6102863001439880214cc0102660081330846d99034fb37b3ef9d4fcf6d43ede559f7a3ff053f3f977cee1adc0102660081330840918c2040c610286300143d857cc81ebf3c0dde733afbefed4f7336dfff6eaeb777c3f5660081330840918c2040c6102863001439880216ccb1cf8d4b9c45756e76cd3e699574ecda5ebfb9f77cfc9afecd8ff6c05863001439880214cc0102660081330840918c27eeecc06779fdffb9453f7eb9e3a1ff8d4bdc19fba5f7af5fd9f7a9f2bf603c3871330840918c2040c610286300143988021ecd61c1898c90a0c6102863001439880214cc0102660081330840918c2040c610286300143d83f487ac88db21a3d0a0000000049454e44ae426082, 1),
(150, 182, 0x89504e470d0a1a0a0000000d494844520000014000000140080200000042f232fd000000097048597300000ec400000ec401952b0e1b0000070749444154789ceddd4b6e1c391040c1d1c0f7bfb2662b605040959b6ce66b45ace5ea8ff5c0458ae4d7f7f7f73f40d3bfa7df00f0f7040c6102863001439880214cc0102660081330840918c2040c610286b03f777ee8ebeb6bf7fb5862d5df755f7ddeabe7affaf92bbbff5e7df7fb79fafd3c7dce9555dfff2977be1f2b30840918c2040c6102863001439880214cc010766b0e7ce5d4795a4fe778abe690574ecd1b577daecaffe36ec5efc10a0c6102863001439880214cc010266008133084bd3407beb26abeb77b4ebbeae73f753fed29d33ed7b4dfe79facc0102660081330840918c2040c610286300143d89639f034d3e678a7ce375e75aef553bbe7d8a7f6f14e6005863001439880214cc0102660081330840918c27ec51c78f7fc73f7fed5ddf70f575e97ffb302439880214cc0102660081330840918c2040c615be6c0d3f66756e693d3e6c9ab9cba3f799569bfcf3f5981214cc0102660081330840918c2040c610286b097e6c09539de9555fb8477ef9b3df57e3ef5e7af147f9fadc0102660081330840918c2040c610286300143d8d7e4bd8ebb9dba3778da9cf994dffcbbb78a1518c2040c6102863001439880214cc010266008bbb51ff8d45cf1d49cf3d4eb563ed7aaf9eda9f9767ddff24f5660081330840918c2040c610286300143988021ecd61cf893e6667754dee753d3f609ef9e4b4fbbcf79c7ef831518c2040c6102863001439880214cc010266008db722ef4a9fb5a4fed23bd52dfbfbacaa9ef61b709fbabadc0102660081330840918c2040c610286300143d84b73e0dd73c5fa3edb5373e36976cfa5a73de79dacc0102660081330840918c2040c610286300143d8ad73a1afd4cf8baeccfda6edef7d6ad57cfbe97376efcbdd7dbff19df76305863001439880214cc0102660081330840918c26ecd81a79d27bcfb7ce0a7affba9e7453f7ddd553f7fea3cf0ca5cfd272b30840918c2040c6102863001439880214cc010f6d27ee0dda6ed379e766ef3eeb965e5dee05576cf9377b002439880214cc0102660081330840918c2040c61b7ee07debd3ff3d4bed655a69d475d99afae72ea9cf009fb87adc0102660081330840918c2040c610286300143d85bef075ee5d4b9ca4f4d9b2beefebca7e6d8abbecf53bf0f57dc0f0c1f4ec0102660081330840918c2040c610286b05bfb812ffff1e67b65773b356fdcfd7e9e3e7ff7bdc1a7f6754fdec7bb8a1518c2040c6102863001439880214cc0102660087b690efcf8c536cf154f3de7cab4b9eeeee73c7dfe2ad3ce095fc57e60f87002863001439880214cc010266008133084bdf57ee0caf39fbe6e7d8e7aa532979e360f7fe73e792b30840918c2040c6102863001439880214cc01036fa5ce869e7365f9976eef153d3e6e4d3f60f4f7b9f3f5981214cc0102660081330840918c2040c610286b03fa7dfc0df98760e70f15ed9777afafd54f6fd9eda97fe931518c2040c6102863001439880214cc0102660087b690efc745e376d8e776a3fe7eefda8abe6d2a7f61b3ffdde769b7ccfb01518c2040c6102863001439880214cc0102660081b7d2ef429d33ed7b4f38aaf4c9bd3fe867b89adc0102660081330840918c2040c610286300143d88873a1ebf7ebae72ea739dbae7b9fe9c09fbcfadc0102660081330840918c2040c610286300143d8ad39f0ee39edeefb635799f6799faaec2bbe52df6fbce3fd5b81214cc0102660081330840918c2040c610286b0d1fb815739b5aff8d43dc95726cc2defa8cc9f279c1f6e05863001439880214cc0102660081330840918c2b6cc81ebe7394f9bc74e7bfe29bbe7b14fe7f3abe6ff57dc0f0c1f4ec0102660081330840918c2040c610286b0af3bb3a655fb579f3effa9ca7db3a7e6ae95f3a5a77d6f5726ccf3adc0102660081330840918c2040c610286300143d8ad3970dd84f37bdfe9d47c7b9569fbc64ffd1d8439307c3801439880214cc0102660081330840918c26e9d0b3d6d1fe695ddf7dffeb6f399a7cd7b57ed133e753ff30e5660081330840918c2040c610286300143988021eca5fb814fed9b9d368f3d758ef4aafb694fed6b3d75fef3aacf3b61dfb81518c2040c6102863001439880214cc0102660087b690e7ca572aeefd3d7ddfdb9a6cd3f777f6fbbdfcf84fdbabb5981214cc0102660081330840918c2040c610286b02d73e08addfb6f5739350f3ff5fcddff2fa7f63fefd8676e05863001439880214cc0102660081330840918c27ef51cf8caaa7b86a7cd5d4fcd4bafec3e7f7bf7e79df077045660081330840918c2040c6102863001439880216ccb1c78c2bda9efb47b1e7bea7ee0ddfb7b77dfabbccaaaef61c7fbb702439880214cc0102660081330840918c2040c612fcd817fc3fdabaf78e7f9c0c5e79c326dbff72bf3612b30840918c2040c6102863001439880214cc010f6559fe9c16f6605863001439880214cc0102660081330840918c2040c610286300143988021ec3f27e5a4934fa8dc220000000049454e44ae426082, 3);
INSERT INTO `MUSIC_TICKET` (`music_ticket_id`, `ticket_id`, `qr_code`, `show_id`) VALUES
(151, 183, 0x89504e470d0a1a0a0000000d494844520000014000000140080200000042f232fd000000097048597300000ec400000ec401952b0e1b0000071149444154789ceddd416e23391000c1f562ffff65efd57368a0396aaa9872c4d968c9b2123c94497e7d7f7fff0334fd3bfd0680bf2760081330840918c2040c6102863001439880214cc010266008133084fd77e787bebebe76bf8f47acfe5ff7d5efb5fb394fbdeeaad5bfe353efe7b4cfe793becf5660081330840918c2040c610286300143988021ecd61cf8cad4795a4fcdf156e7904f396ddebbfbf953f3e455c5efb31518c2040c6102863001439880214cc0102660087b690e7c65f79c76d56973e3dd73d4ddfb6ca7e6e7534efb3eff6405863001439880214cc0102660081330840918c2b6cc814fb37b7efbd4dcf5eae74fdbdfbbfb759ffa7ca6f6f7be931518c2040c6102863001439880214cc010266008fb1573e02ba7ed9bad9c9fbcfbf3e13e2b30840918c2040c6102863001439880214cc010b6650e5c99ef4dcd4b577f7eeafdacbeee53efffb4f3a54ffe3e5b81214cc0102660081330840918c2040c610286b097e6c0a7cdebae4c9de73cf5f35776dfeb5b7fff95eff34f5660081330840918c2040c610286300143988021ecd61cf8e4fd90af98ba7777f7e73975fe73658efa49df672b30840918c2040c6102863001439880214cc010f675672636b55f74b7a7decfd45c716acebc6a6abff4aad3ee4fbec30a0c6102863001439880214cc010266008133084bd753ff069f7dfee36359f3ced9eded3e6b7bbef6d7ee7ff175881214cc0102660081330840918c2040c610286b05b73e0a9f96ae5deda55abef67f7fee4cabc77cad4bdc7775881214cc0102660081330840918c2040c610286b05be7422f3f3472aef2aaa9b9f1d4fededdf3cfcabee5a7d80f0cfc41c0102660081330840918c2040c610286b097e6c0bbe78aa7396d5ff1534edb773d757ef869e7939b03c3871330840918c2040c610286300143988021ecadfb814f9ba34ecd9f2bf3c6a7fe8ebbdfcfeee79ff6bdfdc90a0c6102863001439880214cc010266008133084bd743ff0d47ed74f3d77fa29bbcf553eed9cead5e74fddebeb5c68e00f02863001439880214cc010266008133084dd9a035f999a1fee9eeb4edd4f3bf5fca97b80577ffea97dc295f3a5efb002439880214cc0102660081330840918c2040c6147df0f7cda79bcbbe7a2957dcba7fdbd4edb9fec7e60e01601439880214cc0102660081330840918c2b6dc0f7cf96291f967651ef8a9f71b4fed4f3e6d5fb439307c3801439880214cc0102660081330840918c2b6dc0f3c754ef209fb33773ce7b4738f4f9be74f9d9b7d022b30840918c2040c6102863001439880214cc010766b0ebcfb3ce72bbbf76dee7e3f53f70c57e6b44fdd0b3db52ffaca3bff4fc10a0c6102863001439880214cc010266008133084bd753ff0d43cf6294fbdffd5b9f1d4feeaa74cdd9f3cb5effa9d7f472b30840918c2040c6102863001439880214cc010f6d2fdc0bbe7bd53f3c3d3f697ee9eb79ff6f34f39f93ce7a75881214cc0102660081330840918c2040c610286b05b73e0d3eea75d7ddda9e7ac3eff4ae575a7e6ff574ebb177ac7e76005863001439880214cc0102660081330840918c25eba1ff8caeeb9dfee39ed69e75a3fb5ffb6eeb4fdc353e757ff6405863001439880214cc0102660081330840918c25eba1f78ca69fb4b77cf5d779fcf7ce5b4fb8aa7f67beffe3f88575ed70a0c6102863001439880214cc0102660081330847dd4fdc0ab769f1b3cf5fcd3decf6e9ffa7d3307860f2760081330840918c2040c610286300143d84bfb814fdb57f9cef3785f31753ff05376ff7d4ffb7c76ef03772e34fc5202863001439880214cc010266008133084bd753ff0d473ae54ce199e52ff1c7ec3f9e15660081330840918c2040c6102863001439880216ccb7ee0d5e7acaa9c873c759ef369fb69a7e6edaba6f6155f712e347c3801439880214cc0102660081330840918c26ecd814f38ff76c77356adcef17edb7dbcbbd5f7f7eed8276c05863001439880214cc0102660081330840918c25eda0f7c9add73e6d3f6153f65f5fd9c765fee53f3f9d3e6dbf603c3871330840918c2040c610286300143988021ecd61cf8ca6973b3a79e73f57b3d351f3e6d0ef994dff6ff0227b002439880214cc0102660081330840918c2040c612fcd81afecde37bb5b7d9eb9fbbee25553f74b17effb5d6505863001439880214cc0102660081330840918c2b6cc814f33352f7deae79f32f57e9e7afeee39f669f3f33bacc0102660081330840918c2040c610286300143d8af98039f36cfdcfdfca97dd453f3de2b53e77eaf723f30fc5202863001439880214cc0102660081330846d990357ee5f3d6d6eb96af7e7fcd4f3573f9fa97db953f74ebfc20a0c6102863001439880214cc0102660081330847ddd994d7dea7db9abcfe1ef4cdd3f7c65f779d1abcfb9623f307c3801439880214cc0102660081330840918c26ecd8181335981214cc0102660081330840918c2040c6102863001439880214cc010266008fb1fe682adb7bb64dae20000000049454e44ae426082, 4),
(152, 184, 0x89504e470d0a1a0a0000000d494844520000014000000140080200000042f232fd000000097048597300000ec400000ec401952b0e1b0000070749444154789ceddd4b6e1c391040c1d1c0f7bfb2662b605040959b6ce66b45ace5ea8ff5c0458ae4d7f7f7f73f40d3bfa7df00f0f7040c6102863001439880214cc0102660081330840918c2040c610286b03f777ee8ebeb6bf7fb5862d5df755f7ddeabe7affaf92bbbff5e7df7fb79fafd3c7dce9555dfff2977be1f2b30840918c2040c6102863001439880214cc010766b0e7ce5d4795a4fe778abe690574ecd1b577daecaffe36ec5efc10a0c6102863001439880214cc010266008133084bd3407beb26abeb77b4ebbeae73f753fed29d33ed7b4dfe79facc0102660081330840918c2040c610286300143d89639f034d3e678a7ce375e75aef553bbe7d8a7f6f14e6005863001439880214cc0102660081330840918c27ec51c78f7fc73f7fed5ddf70f575e97ffb302439880214cc0102660081330840918c2040c615be6c0d3f66756e693d3e6c9ab9cba3f799569bfcf3f5981214cc0102660081330840918c2040c610286b097e6c09539de9555fb8477ef9b3df57e3ef5e7af147f9fadc0102660081330840918c2040c610286300143d8d7e4bd8ebb9dba3778da9cf994dffcbbb78a1518c2040c6102863001439880214cc010266008bbb51ff8d45cf1d49cf3d4eb563ed7aaf9eda9f9767ddff24f5660081330840918c2040c610286300143988021ecd61cf893e6667754dee753d3f609ef9e4b4fbbcf79c7ef831518c2040c6102863001439880214cc010266008db722ef4a9fb5a4fed23bd52dfbfbacaa9ef61b709fbabadc0102660081330840918c2040c610286300143d84b73e0dd73c5fa3edb5373e36976cfa5a73de79dacc0102660081330840918c2040c610286300143d8ad73a1afd4cf8baeccfda6edef7d6ad57cfbe97376efcbdd7dbff19df76305863001439880214cc0102660081330840918c26ecd81a79d27bcfb7ce0a7affba9e7453f7ddd553f7fea3cf0ca5cfd272b30840918c2040c6102863001439880214cc010f6d27ee0dda6ed379e766ef3eeb965e5dee05576cf9377b002439880214cc0102660081330840918c2040c61b7ee07debd3ff3d4bed655a69d475d99afae72ea9cf009fb87adc0102660081330840918c2040c610286300143d85bef075ee5d4b9ca4f4d9b2beefebca7e6d8abbecf53bf0f57dc0f0c1f4ec0102660081330840918c2040c610286b05bfb812ffff1e67b65773b356fdcfd7e9e3e7ff7bdc1a7f6754fdec7bb8a1518c2040c6102863001439880214cc0102660087b690efcf8c536cf154f3de7cab4b9eeeee73c7dfe2ad3ce095fc57e60f87002863001439880214cc010266008133084bdf57ee0caf39fbe6e7d8e7aa532979e360f7fe73e792b30840918c2040c6102863001439880214cc01036fa5ce869e7365f9976eef153d3e6e4d3f60f4f7b9f3f5981214cc0102660081330840918c2040c610286b03fa7dfc0df98760e70f15ed9777afafd54f6fd9eda97fe931518c2040c6102863001439880214cc0102660087b690efc745e376d8e776a3fe7eefda8abe6d2a7f61b3ffdde769b7ccfb01518c2040c6102863001439880214cc0102660081b7d2ef429d33ed7b4f38aaf4c9bd3fe867b89adc0102660081330840918c2040c610286300143d88873a1ebf7ebae72ea739dbae7b9fe9c09fbcfadc0102660081330840918c2040c610286300143d8ad39f0ee39edeefb635799f6799faaec2bbe52df6fbce3fd5b81214cc0102660081330840918c2040c610286b0d1fb815739b5aff8d43dc95726cc2defa8cc9f279c1f6e05863001439880214cc0102660081330840918c2b6cc81ebe7394f9bc74e7bfe29bbe7b14fe7f3abe6ff57dc0f0c1f4ec0102660081330840918c2040c610286b0af3bb3a655fb579f3effa9ca7db3a7e6ae95f3a5a77d6f5726ccf3adc0102660081330840918c2040c610286300143d8ad3970dd84f37bdfe9d47c7b9569fbc64ffd1d8439307c3801439880214cc0102660081330840918c26e9d0b3d6d1fe695ddf7dffeb6f399a7cd7b57ed133e753ff30e5660081330840918c2040c610286300143988021eca5fb814fed9b9d368f3d758ef4aafb694fed6b3d75fef3aacf3b61dfb81518c2040c6102863001439880214cc0102660087b690e7ca572aeefd3d7ddfdb9a6cd3f777f6fbbdfcf84fdbabb5981214cc0102660081330840918c2040c610286b02d73e08addfb6f5739350f3ff5fcddff2fa7f63fefd8676e05863001439880214cc0102660081330840918c27ef51cf8caaa7b86a7cd5d4fcd4bafec3e7f7bf7e79df077045660081330840918c2040c6102863001439880216ccb1c78c2bda9efb47b1e7bea7ee0ddfb7b77dfabbccaaaef61c7fbb702439880214cc0102660081330840918c2040c612fcd817fc3fdabaf78e7f9c0c5e79c326dbff72bf3612b30840918c2040c6102863001439880214cc010f6559fe9c16f6605863001439880214cc0102660081330840918c2040c610286300143988021ec3f27e5a4934fa8dc220000000049454e44ae426082, 3),
(153, 185, 0x89504e470d0a1a0a0000000d494844520000014000000140080200000042f232fd000000097048597300000ec400000ec401952b0e1b0000070049444154789cedddc18e22b91240d1574ffdffbfdcb3ad59a4941ed2382e9cb346244d71e545b4ed9fbf7ffffe0f68faffe90f00fc7702863001439880214cc0102660081330840918c2040c610286300143d89f3b2ffaf9f9d9fd391ee1ff75bfc7d5efe1d4f7bffa793ee9f76c05863001439880214cc0102660081330840918c26ecd81af4c9bfb3df5fa554fcd1b57df67f5fbdf3dbfadcc57af547ecfbf5981214cc0102660081330840918c2040c610286b097e6c0579e9a07ee9ecbed9ebbee9ed34edb97bbfbb9a7febd937fcf5660081330840918c2040c6102863001439880216ccb1c789aa7e6a8a7ce1fdebdcf76f7bee5d5f7e13e2b30840918c2040c6102863001439880214cc010f61573e0ca1cf529a73ecfb473aabf811518c2040c6102863001439880214cc010266008db3207aeccf12afb844f3d77f73c79f7eb9f32f9f76c05863001439880214cc0102660081330840918c25e9a03efde67fb6da6cda577cf934f7dfe2bc5dfb31518c2040c6102863001439880214cc010266008bb35079ebc1f72b2a7e68a9579ecaaa7debfb2af78072b30840918c2040c6102863001439880214cc010766b0e7cea1ce3dd9f67f5f5d3f6a99e9a67eefe3dec366d3effcadfd10a0c6102863001439880214cc0102660081330848dd80fbc3ae75c9dbf4d9ba33e65dabfebd43ee1ddbf9f55effc7d5a81214cc0102660081330840918c2040c610286b09f576677bbe766abcf9d765feeeefda2d3f6b59e7aeea9fdd5a77effbf5981214cc0102660081330840918c2040c610286b01173e02bd3ce4ffeb6b9e834d3e6f613ee49b602439880214cc0102660081330840918c2040c61b7ce855eb57b0e59b967f8a9e75ed97dfe73e5fee1ddcf9d3c57b702439880214cc0102660081330840918c2040c612fed075e7ed8a17d98a7e68ad33e67654ebeaab25f7ac7f76305863001439880214cc0102660081330840918c25eda0fbc7b4e5bb917f7a939f6a9fb87a7dd57bcfadc53e7873b171a788980214cc0102660081330840918c2040c616fbd1ff8d4dc755565dfeca97db0a7e6fca7eeefbdb27b3e6f0e0c1f4ec0102660081330840918c2040c610286b05b73e069e70357ee07aecc87af54fe8ef5e75e3107860f2760081330840918c2040c610286300143d847ed07be52b967b872bfee955373f269e78aaf722e347c2901439880214cc0102660081330840918c25e9a032f3f6cc039ba933fcfaafaf7b3aa32d7bd623f30f02f02863001439880214cc010266008133084fdb9f3a2fa3cf0eaf5d3f697eeb6fb3ce453f7f73ef577a97ccedfacc0102660081330840918c2040c610286300143d888fdc0a754f6fd9ef2a9e7605f99766fb0fdc0f0e1040c6102863001439880214cc010266008dbb21f78d5a97b5677effb9d36f7beb2fafd9fda7f7bea9ee7c9bf7f2b30840918c2040c6102863001439880214cc010766b3ff0a9f9dba9fb604fcd27574d9b33efbe7f78d5a97b83dff95c2b30840918c2040c6102863001439880214cc010b6e55ce869f3b74f9d2b4efb774d736a1ff83bcfbbb602439880214cc0102660081330840918c2040c616f9d034f3bfff9cae4fd9f774cdbcf7c6a8e3aeddfb5ca7e60f87002863001439880214cc010266008133084bd34073e355fad9cb7bc7b2e3ded3ee42befdc1ffb8acadfe5372b30840918c2040c6102863001439880214cc010f6e7ce8b2af703efdeefbafafe4fcd5177ef3badbfff9553fb9f9d0b0ddc2260081330840918c2040c610286300143d8ad39f0a9f9eaa9d73f65daf9c3d3f66357ceeb5ef5cee75a81214cc0102660081330840918c2040c610286b05be74257f673ee366dfff353a69ddb7ceafceaa7bcf39e6a2b30840918c2040c6102863001439880214cc010f6d27ee053be6d5febeafbec3e8f7ada3ee72bbb3fe7847de95660081330840918c2040c610286300143988021eca5fb81a799361f5eb5fa3defbeb7f9d4fbd4e7dbabcfbd623f307c3801439880214cc0102660081330840918c26ecd81af54e6a5a7ee95ddbd5ff4ea73ee9e975ed93dbf7de779cbaf703f30708b80214cc0102660081330840918c2040c612fcd81af9c9aa3ae3a750fedeee74e9bcf9f3a477af73c76c2efdc0a0c6102863001439880214cc0102660081330846d99034fb37b3ef9d4fcf6d43ede559f7a3ff053f3f977cee1adc0102660081330840918c2040c610286300143d857cc81ebf3c0dde733afbefed4f7336dfff6eaeb777c3f5660081330840918c2040c6102863001439880216ccb1cf8d4b9c45756e76cd3e699574ecda5ebfb9f77cfc9afecd8ff6c05863001439880214cc0102660081330840918c27eeecc06779fdffb9453f7eb9e3a1ff8d4bdc19fba5f7af5fd9f7a9f2bf603c3871330840918c2040c610286300143988021ecd61c1898c90a0c6102863001439880214cc0102660081330840918c2040c610286300143d83f487ac88db21a3d0a0000000049454e44ae426082, 1);

-- --------------------------------------------------------

--
-- Table structure for table `ORDER`
--

CREATE TABLE `ORDER` (
  `order_id` int(11) NOT NULL,
  `order_date` datetime DEFAULT current_timestamp(),
  `total_amount` decimal(10,2) NOT NULL,
  `user_id` int(11) DEFAULT NULL
) ENGINE=InnoDB DEFAULT CHARSET=utf8mb4 COLLATE=utf8mb4_uca1400_ai_ci;

--
-- Dumping data for table `ORDER`
--

INSERT INTO `ORDER` (`order_id`, `order_date`, `total_amount`, `user_id`) VALUES
(97, '2025-03-20 08:55:12', 135.00, 12),
(98, '2025-03-20 09:01:23', 120.00, 12),
(99, '2025-03-20 09:01:24', 120.00, 12),
(100, '2025-03-20 09:01:43', 120.00, 12),
(101, '2025-03-20 09:04:35', 120.00, 12),
(102, '2025-03-20 09:05:13', 150.00, 12),
(103, '2025-03-20 09:07:27', 135.00, 12);

-- --------------------------------------------------------

--
-- Table structure for table `PAGE`
--

CREATE TABLE `PAGE` (
  `page_id` int(11) NOT NULL,
  `title` varchar(255) NOT NULL,
  `slug` varchar(255) NOT NULL,
  `created_at` timestamp NULL DEFAULT current_timestamp(),
  `updated_at` timestamp NULL DEFAULT current_timestamp() ON UPDATE current_timestamp()
) ENGINE=InnoDB DEFAULT CHARSET=utf8mb4 COLLATE=utf8mb4_uca1400_ai_ci;

--
-- Dumping data for table `PAGE`
--

INSERT INTO `PAGE` (`page_id`, `title`, `slug`, `created_at`, `updated_at`) VALUES
(1, 'home', 'home', '2025-03-22 09:40:14', '2025-03-22 16:24:33'),
(2, 'jazz', 'jazz', '2025-03-22 09:40:14', '2025-03-22 16:24:40'),
(3, 'artist', 'jazz/wouter', '2025-03-22 09:40:14', '2025-03-22 16:24:40'),
(4, 'artist', 'jazz/ntjam', '2025-03-22 09:40:14', '2025-03-22 16:24:40'),
(5, 'dance', 'dance', '2025-03-27 09:13:19', '2025-03-27 09:13:19'),
(6, 'artist', 'dance/martin', '2025-03-27 09:13:19', '2025-03-27 09:13:19'),
(7, 'artist', 'dance/hardwell', '2025-03-27 09:13:19', '2025-03-27 09:13:19');

-- --------------------------------------------------------

--
-- Table structure for table `password_resets`
--

CREATE TABLE `password_resets` (
  `id` int(11) NOT NULL,
  `email` varchar(255) NOT NULL,
  `token` varchar(64) NOT NULL,
  `expires_at` datetime NOT NULL
) ENGINE=InnoDB DEFAULT CHARSET=utf8mb4 COLLATE=utf8mb4_uca1400_ai_ci;

--
-- Dumping data for table `password_resets`
--

INSERT INTO `password_resets` (`id`, `email`, `token`, `expires_at`) VALUES
(1, 'test123@live.nl', 'd57a45e26fab87b6720e75ec4cddf506', '2025-03-03 02:23:49'),
(2, 'test123@live.nl', '4dd3654ac41f0b5089b587d4b6f6ed4e', '2025-03-03 02:26:47'),
(3, 'customer@example.com', 'bc3ab45abff422d9ddfa8f3078a81ec8', '2025-03-11 04:14:10'),
(4, 'customer@example.com', '11732816b25b07bd9ee39cdf2f473dda', '2025-03-11 04:25:31'),
(5, 'customer@example.com', '1572e286ce7282199a5f7c55397546e7', '2025-03-11 04:29:01'),
(6, 'customer@example.com', 'b9f701eba0a6ca8c8c36b4cfbe37b81a', '2025-03-11 04:29:15'),
(7, 'customer@example.com', '13c413b773b8ce9174fc06ab843377fa', '2025-03-11 17:21:34');

-- --------------------------------------------------------

--
-- Table structure for table `RESERVATION`
--

CREATE TABLE `RESERVATION` (
  `reservation_id` int(11) NOT NULL,
  `reservation_date` datetime NOT NULL,
  `session_id` int(11) DEFAULT NULL,
  `price_adult` decimal(10,2) NOT NULL,
  `price_child` decimal(10,2) NOT NULL,
  `ticket_id` int(11) DEFAULT NULL
) ENGINE=InnoDB DEFAULT CHARSET=utf8mb4 COLLATE=utf8mb4_uca1400_ai_ci;

-- --------------------------------------------------------

--
-- Table structure for table `RESTAURANT`
--

CREATE TABLE `RESTAURANT` (
  `restaurant_id` int(11) NOT NULL,
  `name` varchar(255) NOT NULL,
  `location` varchar(255) NOT NULL
) ENGINE=InnoDB DEFAULT CHARSET=utf8mb4 COLLATE=utf8mb4_uca1400_ai_ci;

-- --------------------------------------------------------

--
-- Table structure for table `RESTAURANT_GENRE`
--

CREATE TABLE `RESTAURANT_GENRE` (
  `genre_id` int(11) NOT NULL,
  `genre_name` varchar(255) NOT NULL
) ENGINE=InnoDB DEFAULT CHARSET=utf8mb4 COLLATE=utf8mb4_uca1400_ai_ci;

-- --------------------------------------------------------

--
-- Table structure for table `RESTAURANT_GENRE_MAPPING`
--

CREATE TABLE `RESTAURANT_GENRE_MAPPING` (
  `restaurant_id` int(11) NOT NULL,
  `genre_id` int(11) NOT NULL
) ENGINE=InnoDB DEFAULT CHARSET=utf8mb4 COLLATE=utf8mb4_uca1400_ai_ci;

-- --------------------------------------------------------

--
-- Table structure for table `SECTION`
--

CREATE TABLE `SECTION` (
  `section_id` int(11) NOT NULL,
  `name` varchar(255) NOT NULL,
  `description` text DEFAULT NULL,
  `page_id` int(11) NOT NULL,
  `created_at` timestamp NULL DEFAULT current_timestamp(),
  `updated_at` timestamp NULL DEFAULT current_timestamp() ON UPDATE current_timestamp()
) ENGINE=InnoDB DEFAULT CHARSET=utf8mb4 COLLATE=utf8mb4_uca1400_ai_ci;

--
-- Dumping data for table `SECTION`
--

INSERT INTO `SECTION` (`section_id`, `name`, `description`, `page_id`, `created_at`, `updated_at`) VALUES
(2, 'Festival Introduction', '', 1, '2025-03-22 09:54:25', '2025-03-22 09:54:25'),
(3, 'Festival Route', '', 1, '2025-03-22 09:54:25', '2025-03-22 09:54:25'),
(4, 'Call to action', '', 1, '2025-03-22 09:54:25', '2025-03-22 09:54:25'),
(5, 'last section', '', 1, '2025-03-22 09:54:25', '2025-03-22 09:54:25'),
(6, 'FirstJazzSection', '', 2, '2025-03-22 09:54:25', '2025-03-22 09:54:25'),
(7, 'SecondJazzSection', '', 2, '2025-03-22 09:54:25', '2025-03-22 09:54:25'),
(8, 'ThirdazzSection', '', 2, '2025-03-22 09:54:25', '2025-03-22 09:54:25'),
(9, 'FourthJazzSection', '', 2, '2025-03-22 09:54:25', '2025-03-22 09:54:25'),
(10, 'FirstSection', '', 3, '2025-03-22 09:54:25', '2025-03-22 09:54:25'),
(11, 'SecondSection', '', 3, '2025-03-22 09:54:25', '2025-03-22 09:54:25'),
(12, 'ThirdSection', '', 3, '2025-03-22 09:54:25', '2025-03-22 09:54:25'),
(13, 'JazzArtistsSection', '', 2, '2025-03-22 09:54:25', '2025-03-22 09:54:25'),
(14, 'JazzHeader', '', 2, '2025-03-22 09:54:25', '2025-03-22 09:54:25'),
(15, 'Artist2', '', 4, '2025-03-22 09:54:25', '2025-03-22 09:54:25'),
(16, 'headerDance', '', 5, '2025-03-27 09:14:27', '2025-03-27 09:14:27'),
(17, 'FeaturedArtistSection', '', 5, '2025-03-27 09:14:27', '2025-03-27 09:14:27'),
(18, 'LineUpSectionDance', '', 5, '2025-03-27 09:14:27', '2025-03-27 09:14:27'),
(19, 'martinHero', '', 6, '2025-03-27 09:14:27', '2025-03-27 09:14:27'),
(20, 'martinKeyTracks', '', 6, '2025-03-27 09:14:27', '2025-03-27 09:14:27');

-- --------------------------------------------------------

--
-- Table structure for table `SESSION`
--

CREATE TABLE `SESSION` (
  `session_id` int(11) NOT NULL,
  `start_time` datetime NOT NULL,
  `end_time` datetime NOT NULL,
  `restaurant_id` int(11) DEFAULT NULL
) ENGINE=InnoDB DEFAULT CHARSET=utf8mb4 COLLATE=utf8mb4_uca1400_ai_ci;

-- --------------------------------------------------------

--
-- Table structure for table `SHOW`
--

CREATE TABLE `SHOW` (
  `show_id` int(11) NOT NULL,
  `show_name` varchar(255) NOT NULL,
  `start_date` datetime NOT NULL,
  `price` decimal(10,2) NOT NULL,
  `location_id` int(11) DEFAULT NULL,
  `available_spots` int(11) NOT NULL
) ENGINE=InnoDB DEFAULT CHARSET=utf8mb4 COLLATE=utf8mb4_uca1400_ai_ci;

--
-- Dumping data for table `SHOW`
--

INSERT INTO `SHOW` (`show_id`, `show_name`, `start_date`, `price`, `location_id`, `available_spots`) VALUES
(1, 'Nicky Romero/Afrojack | Friday ticket', '2025-06-07 21:00:00', 75.00, 1, 300),
(2, 'Tiesto | Friday ticket', '2025-06-06 12:49:34', 60.00, 2, 300),
(3, 'Hardwell | Friday ticket', '2025-06-06 12:49:34', 60.00, 3, 300),
(4, 'Gumbo Kings| Thursday ticket', '2025-06-05 18:00:00', 15.00, 4, 110),
(8, '<script>alert(\"hoi Karin\")</script>', '2025-03-13 10:51:00', 34.00, 2, 23);

-- --------------------------------------------------------

--
-- Table structure for table `SHOW_ARTIST`
--

CREATE TABLE `SHOW_ARTIST` (
  `show_id` int(11) NOT NULL,
  `artist_id` int(11) NOT NULL
) ENGINE=InnoDB DEFAULT CHARSET=utf8mb4 COLLATE=utf8mb4_uca1400_ai_ci;

--
-- Dumping data for table `SHOW_ARTIST`
--

INSERT INTO `SHOW_ARTIST` (`show_id`, `artist_id`) VALUES
(1, 1),
(1, 2),
(2, 3),
(3, 4),
(4, 7);

-- --------------------------------------------------------

--
-- Table structure for table `TICKET`
--

CREATE TABLE `TICKET` (
  `ticket_id` int(11) NOT NULL,
  `order_id` int(11) DEFAULT NULL
) ENGINE=InnoDB DEFAULT CHARSET=utf8mb4 COLLATE=utf8mb4_uca1400_ai_ci;

--
-- Dumping data for table `TICKET`
--

INSERT INTO `TICKET` (`ticket_id`, `order_id`) VALUES
(170, 97),
(171, 97),
(172, 97),
(173, 98),
(174, 98),
(175, 99),
(176, 99),
(177, 100),
(178, 100),
(179, 101),
(180, 101),
(181, 102),
(182, 102),
(183, 102),
(184, 103),
(185, 103);

-- --------------------------------------------------------

--
-- Table structure for table `TOUR`
--

CREATE TABLE `TOUR` (
  `tour_id` int(11) NOT NULL,
  `tour_name` varchar(255) NOT NULL,
  `start_date` datetime NOT NULL,
  `end_date` datetime NOT NULL,
  `price` decimal(10,2) NOT NULL,
  `location_id` int(11) NOT NULL,
  `available_spots` int(11) NOT NULL
) ENGINE=InnoDB DEFAULT CHARSET=utf8mb4 COLLATE=utf8mb4_uca1400_ai_ci;

--
-- Dumping data for table `TOUR`
--

INSERT INTO `TOUR` (`tour_id`, `tour_name`, `start_date`, `end_date`, `price`, `location_id`, `available_spots`) VALUES
(1, '10:00 | Thursday ticket', '2025-06-05 10:00:00', '2025-06-05 13:00:00', 17.50, 5, 100);

-- --------------------------------------------------------

--
-- Table structure for table `TOUR_GUIDE`
--

CREATE TABLE `TOUR_GUIDE` (
  `guide_id` int(11) NOT NULL,
  `name` varchar(255) NOT NULL,
  `contact_info` varchar(255) NOT NULL,
  `tour_id` int(11) NOT NULL
) ENGINE=InnoDB DEFAULT CHARSET=utf8mb4 COLLATE=utf8mb4_uca1400_ai_ci;

--
-- Dumping data for table `TOUR_GUIDE`
--

INSERT INTO `TOUR_GUIDE` (`guide_id`, `name`, `contact_info`, `tour_id`) VALUES
(1, 'Thijs', '+3104340422', 1);

-- --------------------------------------------------------

--
-- Table structure for table `TOUR_LANGUAGE`
--

CREATE TABLE `TOUR_LANGUAGE` (
  `id` int(11) NOT NULL,
  `language` varchar(11) NOT NULL,
  `tour_guide_id` int(11) NOT NULL,
  `tour_id` int(11) NOT NULL
) ENGINE=InnoDB DEFAULT CHARSET=utf8mb4 COLLATE=utf8mb4_uca1400_ai_ci;

--
-- Dumping data for table `TOUR_LANGUAGE`
--

INSERT INTO `TOUR_LANGUAGE` (`id`, `language`, `tour_guide_id`, `tour_id`) VALUES
(1, 'dutch', 1, 1);

-- --------------------------------------------------------

--
-- Table structure for table `TOUR_TICKET`
--

CREATE TABLE `TOUR_TICKET` (
  `tour_ticket_id` int(11) NOT NULL,
  `tour_id` int(11) DEFAULT NULL,
  `qr_code` varchar(255) NOT NULL,
  `ticket_id` int(11) DEFAULT NULL
) ENGINE=InnoDB DEFAULT CHARSET=utf8mb4 COLLATE=utf8mb4_uca1400_ai_ci;

-- --------------------------------------------------------

--
-- Table structure for table `USER`
--

CREATE TABLE `USER` (
  `user_id` int(11) NOT NULL,
  `name` varchar(255) NOT NULL,
  `email` varchar(255) NOT NULL,
  `phone_number` varchar(20) NOT NULL,
  `pass_hash` varchar(255) NOT NULL,
  `role` enum('admin','customer') NOT NULL,
  `registration_date` datetime NOT NULL DEFAULT current_timestamp()
) ENGINE=InnoDB DEFAULT CHARSET=utf8mb4 COLLATE=utf8mb4_uca1400_ai_ci;

--
-- Dumping data for table `USER`
--

INSERT INTO `USER` (`user_id`, `name`, `email`, `phone_number`, `pass_hash`, `role`, `registration_date`) VALUES
(4, 'Asiel', 'admin@example.com', '1234567890', '713bfda78870bf9d1b261f565286f85e97ee614efe5f0faf7c34e7ca4f65baca', 'admin', '2025-03-05 03:49:29'),
(5, 'Sofian Said', 'sofian@example.nl', '0642318194', '$2y$12$z3zssenqRzsdZzMgpbfWs.N/ZhLssytZD5fewTQfOZXyqNlSxMssG', 'admin', '2025-03-05 03:49:29'),
(11, 'Admin1', 'admin@test.com', '06131417191', '$2y$12$kaPGv8UJ7y7Q1HWxScwIQeJLYs3/FaolaR8Zfnp1nXvlSocxgNYQC', 'admin', '2025-03-05 03:49:29'),
(12, 'Asiel Elaouare', 'elaasiel@gmail.com', '+31 0625187218', '$2y$12$tvddAcwqu9sa/WqvPpS9ku2br8GOdECqYcubgtaMzyS7GwPpBtfGi', 'admin', '2025-03-08 13:47:01'),
(13, 'Asiel', 'elaouareasiel82@gmail.com', '+31 06 25187218', '$2y$12$ig7r9h/RIavICRpcsiWhveTe3Y3YlBN8QbTcawT7s.R2Hkiek71ge', 'customer', '2025-03-13 09:13:12');

--
-- Indexes for dumped tables
--

--
-- Indexes for table `ACCESS_PASS`
--
ALTER TABLE `ACCESS_PASS`
  ADD PRIMARY KEY (`pass_id`),
  ADD KEY `music_ticket_id` (`music_ticket_id`);

--
-- Indexes for table `ARTIST`
--
ALTER TABLE `ARTIST`
  ADD PRIMARY KEY (`artist_id`);

--
-- Indexes for table `LOCATION`
--
ALTER TABLE `LOCATION`
  ADD PRIMARY KEY (`location_id`);

--
-- Indexes for table `MUSIC_TICKET`
--
ALTER TABLE `MUSIC_TICKET`
  ADD PRIMARY KEY (`music_ticket_id`),
  ADD KEY `ticket_id` (`ticket_id`),
  ADD KEY `show_id` (`show_id`);

--
-- Indexes for table `ORDER`
--
ALTER TABLE `ORDER`
  ADD PRIMARY KEY (`order_id`),
  ADD KEY `user_id` (`user_id`);

--
-- Indexes for table `PAGE`
--
ALTER TABLE `PAGE`
  ADD PRIMARY KEY (`page_id`),
  ADD UNIQUE KEY `slug` (`slug`);

--
-- Indexes for table `password_resets`
--
ALTER TABLE `password_resets`
  ADD PRIMARY KEY (`id`);

--
-- Indexes for table `RESERVATION`
--
ALTER TABLE `RESERVATION`
  ADD PRIMARY KEY (`reservation_id`),
  ADD KEY `ticket_id` (`ticket_id`),
  ADD KEY `session_id` (`session_id`);

--
-- Indexes for table `RESTAURANT`
--
ALTER TABLE `RESTAURANT`
  ADD PRIMARY KEY (`restaurant_id`);

--
-- Indexes for table `RESTAURANT_GENRE`
--
ALTER TABLE `RESTAURANT_GENRE`
  ADD PRIMARY KEY (`genre_id`);

--
-- Indexes for table `RESTAURANT_GENRE_MAPPING`
--
ALTER TABLE `RESTAURANT_GENRE_MAPPING`
  ADD PRIMARY KEY (`restaurant_id`,`genre_id`),
  ADD KEY `genre_id` (`genre_id`);

--
-- Indexes for table `SECTION`
--
ALTER TABLE `SECTION`
  ADD PRIMARY KEY (`section_id`),
  ADD KEY `page_id` (`page_id`);

--
-- Indexes for table `SESSION`
--
ALTER TABLE `SESSION`
  ADD PRIMARY KEY (`session_id`),
  ADD KEY `restaurant_id` (`restaurant_id`);

--
-- Indexes for table `SHOW`
--
ALTER TABLE `SHOW`
  ADD PRIMARY KEY (`show_id`),
  ADD KEY `location_id` (`location_id`);

--
-- Indexes for table `SHOW_ARTIST`
--
ALTER TABLE `SHOW_ARTIST`
  ADD PRIMARY KEY (`show_id`,`artist_id`),
  ADD KEY `artist_id` (`artist_id`);

--
-- Indexes for table `TICKET`
--
ALTER TABLE `TICKET`
  ADD PRIMARY KEY (`ticket_id`),
  ADD KEY `order_id` (`order_id`);

--
-- Indexes for table `TOUR`
--
ALTER TABLE `TOUR`
  ADD PRIMARY KEY (`tour_id`),
  ADD KEY `location_id` (`location_id`);

--
-- Indexes for table `TOUR_GUIDE`
--
ALTER TABLE `TOUR_GUIDE`
  ADD PRIMARY KEY (`guide_id`),
  ADD KEY `tour_id` (`tour_id`);

--
-- Indexes for table `TOUR_LANGUAGE`
--
ALTER TABLE `TOUR_LANGUAGE`
  ADD PRIMARY KEY (`id`),
  ADD KEY `tour_guide_id` (`tour_guide_id`),
  ADD KEY `tour_id` (`tour_id`);

--
-- Indexes for table `TOUR_TICKET`
--
ALTER TABLE `TOUR_TICKET`
  ADD PRIMARY KEY (`tour_ticket_id`),
  ADD UNIQUE KEY `qr_code` (`qr_code`),
  ADD KEY `tour_id` (`tour_id`),
  ADD KEY `ticket_id` (`ticket_id`);

--
-- Indexes for table `USER`
--
ALTER TABLE `USER`
  ADD PRIMARY KEY (`user_id`),
  ADD UNIQUE KEY `email` (`email`),
  ADD UNIQUE KEY `phone_number` (`phone_number`);

--
-- AUTO_INCREMENT for dumped tables
--

--
-- AUTO_INCREMENT for table `ACCESS_PASS`
--
ALTER TABLE `ACCESS_PASS`
  MODIFY `pass_id` int(11) NOT NULL AUTO_INCREMENT;

--
-- AUTO_INCREMENT for table `ARTIST`
--
ALTER TABLE `ARTIST`
  MODIFY `artist_id` int(11) NOT NULL AUTO_INCREMENT, AUTO_INCREMENT=8;

--
-- AUTO_INCREMENT for table `LOCATION`
--
ALTER TABLE `LOCATION`
  MODIFY `location_id` int(11) NOT NULL AUTO_INCREMENT, AUTO_INCREMENT=6;

--
-- AUTO_INCREMENT for table `MUSIC_TICKET`
--
ALTER TABLE `MUSIC_TICKET`
  MODIFY `music_ticket_id` int(11) NOT NULL AUTO_INCREMENT, AUTO_INCREMENT=154;

--
-- AUTO_INCREMENT for table `ORDER`
--
ALTER TABLE `ORDER`
  MODIFY `order_id` int(11) NOT NULL AUTO_INCREMENT, AUTO_INCREMENT=104;

--
-- AUTO_INCREMENT for table `PAGE`
--
ALTER TABLE `PAGE`
  MODIFY `page_id` int(11) NOT NULL AUTO_INCREMENT, AUTO_INCREMENT=8;

--
-- AUTO_INCREMENT for table `password_resets`
--
ALTER TABLE `password_resets`
  MODIFY `id` int(11) NOT NULL AUTO_INCREMENT, AUTO_INCREMENT=8;

--
-- AUTO_INCREMENT for table `RESERVATION`
--
ALTER TABLE `RESERVATION`
  MODIFY `reservation_id` int(11) NOT NULL AUTO_INCREMENT;

--
-- AUTO_INCREMENT for table `RESTAURANT`
--
ALTER TABLE `RESTAURANT`
  MODIFY `restaurant_id` int(11) NOT NULL AUTO_INCREMENT;

--
-- AUTO_INCREMENT for table `RESTAURANT_GENRE`
--
ALTER TABLE `RESTAURANT_GENRE`
  MODIFY `genre_id` int(11) NOT NULL AUTO_INCREMENT;

--
-- AUTO_INCREMENT for table `SECTION`
--
ALTER TABLE `SECTION`
  MODIFY `section_id` int(11) NOT NULL AUTO_INCREMENT, AUTO_INCREMENT=21;

--
-- AUTO_INCREMENT for table `SESSION`
--
ALTER TABLE `SESSION`
  MODIFY `session_id` int(11) NOT NULL AUTO_INCREMENT;

--
-- AUTO_INCREMENT for table `SHOW`
--
ALTER TABLE `SHOW`
  MODIFY `show_id` int(11) NOT NULL AUTO_INCREMENT, AUTO_INCREMENT=9;

--
-- AUTO_INCREMENT for table `TICKET`
--
ALTER TABLE `TICKET`
  MODIFY `ticket_id` int(11) NOT NULL AUTO_INCREMENT, AUTO_INCREMENT=186;

--
-- AUTO_INCREMENT for table `TOUR`
--
ALTER TABLE `TOUR`
  MODIFY `tour_id` int(11) NOT NULL AUTO_INCREMENT, AUTO_INCREMENT=2;

--
-- AUTO_INCREMENT for table `TOUR_GUIDE`
--
ALTER TABLE `TOUR_GUIDE`
  MODIFY `guide_id` int(11) NOT NULL AUTO_INCREMENT, AUTO_INCREMENT=2;

--
-- AUTO_INCREMENT for table `TOUR_LANGUAGE`
--
ALTER TABLE `TOUR_LANGUAGE`
  MODIFY `id` int(11) NOT NULL AUTO_INCREMENT, AUTO_INCREMENT=2;

--
-- AUTO_INCREMENT for table `TOUR_TICKET`
--
ALTER TABLE `TOUR_TICKET`
  MODIFY `tour_ticket_id` int(11) NOT NULL AUTO_INCREMENT, AUTO_INCREMENT=27;

--
-- AUTO_INCREMENT for table `USER`
--
ALTER TABLE `USER`
  MODIFY `user_id` int(11) NOT NULL AUTO_INCREMENT, AUTO_INCREMENT=14;

--
-- Constraints for dumped tables
--

--
-- Constraints for table `ACCESS_PASS`
--
ALTER TABLE `ACCESS_PASS`
  ADD CONSTRAINT `ACCESS_PASS_ibfk_1` FOREIGN KEY (`music_ticket_id`) REFERENCES `MUSIC_TICKET` (`music_ticket_id`) ON DELETE CASCADE;

--
-- Constraints for table `MUSIC_TICKET`
--
ALTER TABLE `MUSIC_TICKET`
  ADD CONSTRAINT `MUSIC_TICKET_ibfk_1` FOREIGN KEY (`ticket_id`) REFERENCES `TICKET` (`ticket_id`) ON DELETE CASCADE,
  ADD CONSTRAINT `MUSIC_TICKET_ibfk_2` FOREIGN KEY (`show_id`) REFERENCES `SHOW` (`show_id`);

--
-- Constraints for table `ORDER`
--
ALTER TABLE `ORDER`
  ADD CONSTRAINT `ORDER_ibfk_1` FOREIGN KEY (`user_id`) REFERENCES `USER` (`user_id`) ON DELETE CASCADE;

--
-- Constraints for table `RESERVATION`
--
ALTER TABLE `RESERVATION`
  ADD CONSTRAINT `RESERVATION_ibfk_1` FOREIGN KEY (`ticket_id`) REFERENCES `TICKET` (`ticket_id`) ON DELETE CASCADE,
  ADD CONSTRAINT `RESERVATION_ibfk_2` FOREIGN KEY (`session_id`) REFERENCES `SESSION` (`session_id`) ON DELETE CASCADE;

--
-- Constraints for table `RESTAURANT_GENRE_MAPPING`
--
ALTER TABLE `RESTAURANT_GENRE_MAPPING`
  ADD CONSTRAINT `RESTAURANT_GENRE_MAPPING_ibfk_1` FOREIGN KEY (`restaurant_id`) REFERENCES `RESTAURANT` (`restaurant_id`) ON DELETE CASCADE,
  ADD CONSTRAINT `RESTAURANT_GENRE_MAPPING_ibfk_2` FOREIGN KEY (`genre_id`) REFERENCES `RESTAURANT_GENRE` (`genre_id`) ON DELETE CASCADE;

--
-- Constraints for table `SECTION`
--
ALTER TABLE `SECTION`
  ADD CONSTRAINT `SECTION_ibfk_1` FOREIGN KEY (`page_id`) REFERENCES `PAGE` (`page_id`) ON DELETE CASCADE;

--
-- Constraints for table `SESSION`
--
ALTER TABLE `SESSION`
  ADD CONSTRAINT `SESSION_ibfk_1` FOREIGN KEY (`restaurant_id`) REFERENCES `RESTAURANT` (`restaurant_id`) ON DELETE CASCADE;

--
-- Constraints for table `SHOW`
--
ALTER TABLE `SHOW`
  ADD CONSTRAINT `SHOW_ibfk_1` FOREIGN KEY (`location_id`) REFERENCES `LOCATION` (`location_id`) ON DELETE CASCADE;

--
-- Constraints for table `SHOW_ARTIST`
--
ALTER TABLE `SHOW_ARTIST`
  ADD CONSTRAINT `SHOW_ARTIST_ibfk_1` FOREIGN KEY (`show_id`) REFERENCES `SHOW` (`show_id`) ON DELETE CASCADE,
  ADD CONSTRAINT `SHOW_ARTIST_ibfk_2` FOREIGN KEY (`artist_id`) REFERENCES `ARTIST` (`artist_id`) ON DELETE CASCADE;

--
-- Constraints for table `TICKET`
--
ALTER TABLE `TICKET`
  ADD CONSTRAINT `TICKET_ibfk_1` FOREIGN KEY (`order_id`) REFERENCES `ORDER` (`order_id`) ON DELETE CASCADE;

--
-- Constraints for table `TOUR`
--
ALTER TABLE `TOUR`
  ADD CONSTRAINT `TOUR_ibfk_1` FOREIGN KEY (`location_id`) REFERENCES `LOCATION` (`location_id`);

--
-- Constraints for table `TOUR_GUIDE`
--
ALTER TABLE `TOUR_GUIDE`
  ADD CONSTRAINT `TOUR_GUIDE_ibfk_1` FOREIGN KEY (`tour_id`) REFERENCES `TOUR` (`tour_id`);

--
-- Constraints for table `TOUR_LANGUAGE`
--
ALTER TABLE `TOUR_LANGUAGE`
  ADD CONSTRAINT `TOUR_LANGUAGE_ibfk_1` FOREIGN KEY (`tour_guide_id`) REFERENCES `TOUR_GUIDE` (`guide_id`),
  ADD CONSTRAINT `TOUR_LANGUAGE_ibfk_2` FOREIGN KEY (`tour_id`) REFERENCES `TOUR` (`tour_id`);

--
-- Constraints for table `TOUR_TICKET`
--
ALTER TABLE `TOUR_TICKET`
  ADD CONSTRAINT `TOUR_TICKET_ibfk_1` FOREIGN KEY (`tour_id`) REFERENCES `TOUR` (`tour_id`) ON DELETE CASCADE,
  ADD CONSTRAINT `TOUR_TICKET_ibfk_2` FOREIGN KEY (`ticket_id`) REFERENCES `TICKET` (`ticket_id`) ON DELETE CASCADE;
COMMIT;

/*!40101 SET CHARACTER_SET_CLIENT=@OLD_CHARACTER_SET_CLIENT */;
/*!40101 SET CHARACTER_SET_RESULTS=@OLD_CHARACTER_SET_RESULTS */;
/*!40101 SET COLLATION_CONNECTION=@OLD_COLLATION_CONNECTION */;
